3993,4299.012097,4395.994444,4228.84814,4014.528146,3570.668956,3161.102594,2939.815844,2796.321168,2777.539885,2789.246642,2879.938014,2902.103535,2945.55123,2958.096703,2976.588992,2926.329942,2822.644881,2708.264515,2580.471628,2567.757433,2573.270366,2598.074464,2666.209075,2729.179369,2831.214646,2927.815012,2989.229607,3022.336735,2984.658543,2904.57834,2832.161833,2808.015174,2791.275845,2774.630159,2774.662409,2788.708851,2819.309478,2851.696142,2889.218057,2877.583801,2828.571303,2777.831231,2730.574216,2736.686679,2727.849196,2739.896139,2773.340862,2813.554876,2867.328381,2907.361138,2948.042114,2965.627559,2974.198113,2963.132023,2955.721758,2946.019308,2957.182649,2965.125835,2983.885474
3260.858871,3283.627016,3193.318056,3151.231405,2982.539735,2797.220467,2597.622052,2287.049383,2246.379562,2241.887747,2271.814552,2396.976027,2549.655303,2743.690281,2909.767857,3020.909465,3075.559109,3000.515996,2856.618501,2740.244243,2728.584703,2736.456091,2746.36,2754.007363,2778.860053,2816.268466,2861.137028,2904.271714,2879.36763,2806.920181,2731.487142,2659.938142,2649.856592,2632.949517,2643.476313,2683.373289,2726.001442,2794.392703,2835.825253,2889.906327,2917.653368,2925.681142,2918.489679,2923.212192,2917.982117,2925.150357,2946.757949,2971.269251,3007.950486,3054.086835,3083.448743,3108.866466,3097.239842,3069.343427,3025.78153,2990.093237,2975.799135,2975.396601,2978.676712,3000.420318
3663.814516,4156.417339,4309.243056,4214.47314,3990.624172,3624.349588,3153.009434,2783.53858,2625.767336,2605.510691,2538.279104,2539.52089,2573.830177,2653.686768,2725.469505,2806.844393,2780.069767,2673.455896,2562.428293,2479.024877,2474.873239,2453.718797,2487.637857,2556.281849,2632.550263,2732.905303,2805.154537,2868.145393,2899.371032,2911.947015,2886.677359,2883.38116,2878.796269,2887.74058,2895.51325,2933.355953,2967.730035,3024.417638,3065.085898,3091.731409,3079.299619,3043.102797,2991.29224,2949.852222,2946.742427,2938.860536,2950.330713,2980.320671,3023.476039,3086.542515,3133.559236,3158.018489,3173.739919,3147.029443,3116.231545,3108.751467,3113.501729,3114.180099,3120.837208,3147.327013
3348.979839,3468.578629,3506.552778,3569.22624,3252.885762,2766.881868,2424.977594,2202.644033,2149.321624,2144.737664,2162.04291,2301.915411,2449.102588,2647.005562,2764.54478,2865.637346,2918.398256,2928.792505,2868.410095,2828.068462,2827.135955,2844.345852,2844.53875,2888.342466,2941.370072,3012.996843,3063.076583,3091.207746,3073.735402,3018.935104,2934.636002,2869.594584,2846.118781,2832.575725,2822.040455,2857.154995,2927.934783,3009.036377,3071.611404,3114.999486,3152.842422,3122.629304,3090.185971,3089.020724,3107.532664,3115.407232,3131.84565,3171.632786,3207.105144,3264.634685,3299.761041,3331.753556,3333.823744,3304.008825,3267.530708,3251.790933,3255.943228,3259.646105,3266.839574,3276.971933
3499.491935,4194.282258,4192.259722,4205.586777,3989.657285,3661.78228,3344.408608,3121.177984,2922.868613,2871.39597,2869.678358,2961.876027,3037.988005,3173.648419,3243.691209,3269.787551,3228.438469,3134.212066,2982.104203,2866.629112,2819.301252,2793.588939,2804.654107,2878.602911,2967.39389,3074.796559,3139.064099,3172.338762,3187.03699,3133.993702,3067.602333,3044.708419,3048.413184,3037.740821,3032.3519,3072.466127,3104.413487,3152.035406,3183.362142,3213.930053,3209.724439,3159.415493,3104.171349,3067.40702,3061.605109,3054.438125,3051.959906,3064.881759,3073.453921,3078.281599,3094.361783,3116.660319,3118.253877,3083.39615,3041.895024,3004.151775,2987.81513,2986.402975,2982.821339,2985.545181
3843.78629,4194.899194,4100.963889,3848.884298,3518.450331,3165.929258,2724.32783,2518.761317,2478.395073,2454.336349,2459.042164,2610.931164,2807.405303,3003.230386,3124.015385,3181.26929,3219.733527,3119.691499,3003.510615,2951.536184,2962.256064,2966.580904,2981.715357,3057.569521,3098.988173,3192.569287,3234.83922,3285.636884,3267.156888,3209.163198,3126.772004,3083.363835,3077.627861,3061.142754,3056.983232,3060.738025,3074.145408,3085.003886,3104.65293,3124.423377,3125.551022,3081.737676,3031.838589,2989.386482,2973.786679,2978.742679,2972.748166,2984.058949,3015.419739,3063.890184,3092.808914,3105.735619,3116.983018,3088.583993,3045.177899,3015.591256,3004.573127,3004.731445,3009.428591,3030.690649
4251.153226,5082.143145,5040.381944,4693.149793,4330.306291,3753.480769,3312.830189,3071.65535,2975.469891,2904.848273,2832.326866,2912.709589,2965.033144,3133.412471,3216.550549,3280.569444,3265.66812,3169.296846,3032.275997,2953.375617,2929.37813,2917.992526,2941.402143,2958.839212,2987.577694,3002.511048,3048.462393,3089.324677,3092.957908,3034.193319,2966.728659,2904.114733,2873.430597,2878.874758,2868.225962,2885.034443,2933.080745,2990.630829,3030.385118,3052.686319,3069.311047,3038.794797,2987.266246,2946.629761,2937.965511,2945.506607,2953.185971,2992.562372,3026.584534,3051.773145,3072.166022,3086.617178,3093.932382,3069.166692,3028.29199,2998.890038,2993.184582,3004.170892,3020.047258,3029.706736
3525.979839,4254.076613,4176.908333,4035.180785,3745.027318,3408.299451,2972.090802,2737.895062,2694.346259,2675.002467,2672.854104,2700.559589,2726.700442,2765.154567,2835.007418,2898.890947,2929.643653,2827.408135,2732.772747,2643.049753,2621.882629,2637.713191,2654.156786,2684.784247,2762.432162,2864.772569,2913.401644,2935.088762,2949.694586,2902.306271,2827.41079,2761.461371,2746.314179,2750.112923,2752.723499,2802.302349,2847.577972,2889.294581,2923.180544,2943.494248,2957.279671,2925.538732,2873.031441,2831.982823,2820.83604,2826.938214,2845.03363,2858.117728,2908.458277,2937.540545,2976.558833,3005.396966,3018.849411,3012.32357,2978.451808,2952.275895,2954.695677,2962.942564,2972.518792,2997.489869
2988.048387,3028.879032,3162.738889,3277.911157,3206.538907,2869.350962,2529.912736,2325.0607,2313.267792,2323.380345,2323.874254,2376.707192,2527.052083,2724.098361,2796.044505,2826.272634,2867.622578,2785.701325,2661.817591,2565.727385,2536.128717,2547.203849,2561.091071,2638.478596,2715.432326,2773.512468,2813.126675,2831.718603,2848.294926,2795.14759,2718.137328,2655.826104,2646.736318,2660.552899,2680.03553,2691.88344,2765.123336,2820.674547,2863.033094,2901.196282,2916.267943,2903.688967,2861.672018,2829.075803,2831.925912,2847.627143,2861.377184,2897.520619,2954.677027,3012.557206,3064.097357,3105.425727,3107.862671,3081.917072,3043.18029,3032.547168,3036.207277,3040.790014,3039.598622,3063.107407
3731.068548,4308,4096.8375,3819.682851,3637.893212,3315.802885,2868.350236,2564.00823,2488.97354,2458.07648,2409.213806,2538.446918,2678.808081,2799.010246,2850.829945,2872.983539,2924.811773,2834.797761,2705.713172,2603.908306,2584.317097,2607.802317,2648.942679,2684.261301,2792.943824,2842.465593,2896.957674,2935.285065,2937.290675,2924.30408,2856.330196,2806.37962,2808.465299,2814.413889,2828.054174,2875.062386,2949.671029,3036.002699,3106.56524,3167.738804,3179.382017,3152.265747,3108.132836,3108.988144,3121.069891,3132.050357,3147.395528,3185.171715,3230.504943,3263.973818,3299.830835,3303.176833,3296.541486,3280.476339,3247.278392,3233.151262,3226.707637,3231.244263,3239.2587,3260.404436
3828.560484,3874.961694,3681.731944,3485.001033,3355.418874,2983.274038,2627.910377,2418.397119,2326.885493,2355.798109,2372.653731,2398.107534,2584.435922,2694.220726,2783.377747,2851.369342,2897.505814,2848.343007,2751.053726,2674.178043,2684.457551,2713.796525,2742.5725,2817.237842,2928.155716,3036.615688,3128.015682,3195.303404,3186.348498,3131.829956,3053.505302,3027.869353,3024.249254,3026.206159,3015.308865,3057.326528,3119.056677,3156.368739,3194.932019,3193.023829,3181.17512,3153.546753,3106.139813,3082.331964,3082.362226,3090.124107,3095.862771,3124.569986,3153.208529,3190.757961,3216.971631,3229.516435,3221.09437,3187.137934,3157.308353,3136.486209,3135.869452,3141.588739,3154.933742,3179.306134
4230.322581,4122.629032,4057.152778,3857.936983,3631.799669,3273.587912,2905.611439,2673.455761,2568.356296,2591.664885,2600.306343,2702.006164,2904.954861,3087.432963,3228.979945,3331.854167,3308.514293,3230.906536,3093.168977,3066.415913,3061.240415,3074.254484,3064.258214,3128.805137,3208.793693,3259.018308,3308.774208,3293.289026,3265.888605,3221.235077,3144.903102,3108.599589,3078.064428,3076.248551,3067.390127,3087.800068,3121.069099,3168.93804,3209.487774,3221.648521,3215.909182,3170.053795,3132.074828,3105.604649,3102.618157,3108.782857,3122.018082,3150.851386,3188.639745,3237.110719,3275.953337,3305.721081,3299.499225,3273.107578,3236.79087,3214.755869,3203.49964,3200.553541,3197.282016,3210.790594
4428.677419,4792.064516,4819.322222,4702.196281,4240.278146,3793.213599,3289.683962,3087.751543,2958.415146,2928.990954,2868.426493,2978.343836,3149.519886,3253.548888,3327.574451,3287.335391,3250.8297,3183.042962,3061.130199,2995.561678,2987.629108,3000.51009,3001.031607,3049.431507,3106.000986,3171.512153,3216.988124,3228.041373,3210.587443,3142.344332,3084.121686,3045.657983,3018.31393,3020.503623,3024.809568,3059.241674,3112.430235,3179.770294,3231.436235,3271.219187,3265.361868,3233.380282,3189.792049,3173.23329,3165.989599,3176.634286,3183.282844,3209.800992,3238.783009,3278.839297,3328.927063,3361.714839,3350.730537,3314.512553,3273.069337,3252.641872,3243.994813,3247.576275,3245.885718,3255.049151
4145.362903,4277.389113,4371.969444,3921.938017,3633.078642,3349.195055,2944.996462,2801.986626,2737.220803,2730.363487,2680.210821,2785.157192,2870.34375,3008.525176,3076.964011,3100.25823,3092.373547,2990.723263,2903.79831,2846.059416,2841.712441,2857.837444,2886.982143,2944.733048,3026.189717,3120.178977,3179.211632,3228.737089,3205.904337,3159.072974,3091.03526,3052.097793,3020.998507,3012.631763,3013.853307,3044.707459,3082.755213,3130.083441,3188.867938,3229.554026,3215.594828,3167.151115,3113.521216,3087.574869,3082.144617,3085.313304,3085.852551,3089.19396,3103.583026,3120.934258,3149.282721,3160.921302,3143.885391,3113.316951,3072.126121,3041.149501,3038.203314,3045.195255,3051.988586,3056.774165
3631.540323,3869.116935,3923.138889,3742.100207,3456.047185,3052.756181,2756.068396,2567.395062,2515.012318,2538.037418,2593.198507,2668.121575,2806.559975,3003.04918,3136.756044,3211.733539,3185.175145,3091.227148,2985.715338,2931.823602,2904.180556,2926.624066,2922.506964,2972.144178,3040.711399,3100.254893,3181.600944,3229.541373,3200.599206,3126.167169,3049.042285,3010.198024,2997.335075,2995.197947,2990.467402,2991.592724,3009.82043,3032.116041,3062.774874,3076.523418,3049.15427,3004.721146,2947.898414,2907.504014,2896.804927,2889.529821,2900.101153,2904.906913,2930.47185,2957.231041,2962.236702,2972.181811,2956.548232,2918.725122,2874.472504,2833.067268,2815.087176,2815.421317,2832.750557,2851.813664
3896.145161,4464.455645,4525.191667,4332.316116,3911.215232,3464.26717,3090.058962,2894.02572,2796.347172,2797.495888,2757.477239,2819.120548,2935.380366,3078.04596,3220.702473,3289.348251,3256.265988,3125.772395,3000.030329,2937.097451,2916.626565,2906.057549,2911.477857,2920.854452,2944.70795,2989.828598,3041.06349,3058.752201,3008.178005,2947.361446,2872.525716,2821.195457,2802.939055,2812.129831,2812.933044,2818.660926,2863.846273,2906.77256,2917.823988,2941.760066,2928.968625,2887.124511,2836.972095,2790.792476,2773.330292,2767.082679,2790.327044,2827.730236,2866.155915,2897.290873,2924.329304,2947.550964,2957.703164,2940.143183,2923.82225,2917.643853,2920.738329,2927.683782,2935.760092,2957.667579
3698.629032,4189.405242,4424.675,4287.203512,3831.529801,3297.245192,2876.84375,2706.891975,2665.404653,2656.399671,2628.660448,2656.782192,2692.129104,2793.045375,2889.60522,2924.475051,2865.522771,2769.65585,2668.417894,2591.870271,2574.234155,2593.020366,2618.303214,2639.473801,2711.977661,2777.512784,2789.42768,2818.969484,2795.90377,2736.518209,2665.488865,2599.432238,2563.984328,2566.728744,2594.095216,2639.266537,2683.488132,2722.798143,2745.795637,2763.039441,2763.988472,2737.782277,2718.011277,2710.78202,2713.179288,2724.793393,2737.056254,2765.283881,2816.160355,2874.708388,2922.118956,2955.087705,2964.623604,2932.188299,2895.525403,2866.111062,2852.725072,2862.724646,2872.32287,2908.143551
3329.040323,3696.245968,3778.913889,3630.339876,3232.128311,2888.152473,2575.90566,2446.251543,2358.199361,2370.481908,2393.479104,2436.064041,2567.015467,2702.23507,2718.352198,2764.384774,2720.936289,2623.832038,2517.060442,2422.011924,2419.243545,2427.484865,2485.7575,2563.759589,2633.947766,2691.112847,2743.769793,2779.978873,2784.792092,2749.459337,2712.331257,2701.392197,2701.294776,2721.002174,2715.835952,2752.164576,2825.09949,2912.80095,2982.700991,3031.817584,3060.944166,3025.403267,2985.645833,2960.930825,2955.901004,2966.773393,2984.553284,3034.318617,3071.102714,3103.302118,3153.718246,3178.18592,3176.980459,3146.635727,3119.507322,3108.34419,3109.762104,3117.341501,3133.505498,3170.148549
4139.53629,4165.290323,3671.983333,3577.196281,3206.80298,2832.533654,2524.439269,2260.819444,2186.340785,2188.893914,2263.435448,2399.634589,2534.165404,2612.461651,2673.060165,2717.045782,2733.303052,2675.482176,2639.633016,2596.910156,2600.208725,2635.304372,2661.818393,2723.599658,2827.557819,2943.026357,3028.357034,3076.521127,3076.424036,3011.05805,2944.648595,2896.953029,2878.604726,2880.711111,2888.076571,2935.204608,2977.021961,3004.836572,3055.189081,3073.610004,3059.108761,3012.340962,2971.040998,2950.617532,2939.812044,2938.134375,2952.785028,2987.52755,3023.584283,3054.349064,3075.558188,3086.564238,3096.085841,3064.04017,3015.729677,2982.385637,2969.202522,2975.136969,2970.640521,2967.161418
3429.822581,3657.721774,3570.9125,3546.996901,3336.178808,2952.773352,2699.794222,2534.510288,2424.656934,2467.38528,2474.769403,2555.706849,2760.768624,2977.851581,3125.599451,3207.640175,3224.603198,3115.960466,2997.457972,2902.832442,2868.497457,2881.419096,2888.908036,2958.846747,3021.737352,3073.382891,3141.225335,3165.591256,3144.430556,3077.546413,3014.473224,2985.788116,2975.82301,2979.967271,3003.552767,3054.608234,3088.549357,3129.078908,3151.944983,3171.424302,3180.058941,3142.984448,3085.929568,3049.613331,3040.914142,3051.090179,3051.046908,3049.99615,3050.899212,3069.133454,3082.527643,3094.038638,3073.686337,3044.190049,3010.344591,3004.53015,3009.916499,3018.351133,3014.868666,3033.561062
4089.78629,4725.342742,4675.283333,4399.713843,4071.274834,3571.013049,3107.778892,2864.84928,2712.186131,2700.862253,2693.872388,2842.605822,2969.521149,3074.974824,3206.495055,3237.397377,3190.639777,3062.455667,2958.504116,2910.44449,2898.785211,2914.46861,2940.161786,3022.186473,3079.661629,3146.709122,3170.102771,3173.294161,3173.863946,3106.546413,3021.349947,2963.596638,2934.785945,2926.208937,2908.62242,2901.069115,2899.340506,2919.777634,2934.617306,2943.258012,2918.684944,2880.018486,2833.34031,2800.305639,2794.914781,2805.680982,2817.568134,2839.198323,2877.37056,2898.007223,2923.040941,2933.445559,2916.699519,2881.344035,2855.833831,2835.715962,2823.968804,2823.036969,2823.728007,2832.276492
3857.814516,4048.917339,4264.093056,4066.044421,3721.722682,3251.089286,2889.832547,2784.179012,2718.936131,2703.020148,2719.641418,2826.518493,2911.260417,3053.413349,3077.64011,3098.615226,3093.33624,2997.021024,2862.548527,2772.022821,2738.288928,2754.544843,2757.528214,2764.299315,2768.574901,2800.736427,2822.221681,2832.64686,2792.838577,2734.324754,2679.236612,2634.899256,2618.724129,2630.823068,2643.936679,2694.839644,2751.316105,2782.640652,2813.261067,2826.103841,2805.975341,2756.95491,2712.204702,2685.241318,2674.410219,2668.792232,2674.813592,2695.454825,2732.03192,2772.530778,2806.094052,2833.570638,2841.837159,2807.9243,2771.290197,2745.302523,2747.824135,2758.243555,2766.884048,2786.411418
3501.931452,3960.076613,3801.601389,3635.118802,3424.167219,3172.212225,2735.403302,2547.918724,2516.031022,2536.574013,2531.948134,2515.182534,2514.453283,2599.617974,2625.209066,2648.945216,2597.208333,2519.364717,2490.769714,2439.017064,2442.852504,2472.300635,2493.73875,2561.974486,2649.350526,2692.172033,2742.882308,2767.821156,2753.755811,2677.645947,2629.993637,2593.871535,2572.65597,2567.572222,2571.54925,2601.367929,2640.56799,2696.232837,2733.018234,2769.150062,2780.679631,2733.130869,2678.026089,2639.791729,2630.155931,2642.390357,2654.856394,2684.687628,2707.252932,2735.289396,2761.046019,2782.378398,2781.694324,2756.719416,2714.089136,2671.205986,2653.779251,2658.450354,2661.503062,2668.227615
3013.483871,3226.074597,3084.118056,3000.816116,2815.326159,2666.058379,2459.723467,2403.305041,2329.097628,2337.329359,2354.700746,2506.431164,2715.052083,2802.122658,2869.130769,2883.451132,2840.468992,2765.570155,2686.106153,2576.200863,2548.013498,2547.918348,2554.408214,2591.117466,2660.874014,2742.571023,2797.3074,2837.604754,2835.342545,2794.853642,2718.496156,2663.591247,2654.29801,2665.943961,2675.562383,2694.187842,2725.970053,2757.068761,2788.733242,2814.472576,2809.737069,2776.936033,2723.886181,2678.045836,2671.244982,2676.366875,2691.089885,2701.757272,2724.568448,2770.038657,2817.410139,2851.574747,2849.815757,2824.78066,2786.167364,2767.611649,2775.010807,2777.338102,2783.518931,2815.971386
4382.78629,3967.032258,3786.375,3560.356405,3241.118377,2969.57761,2618.429245,2330.66821,2233.872719,2221.386513,2232.522015,2339.20137,2481.503788,2624.080211,2708.68956,2754.185442,2770.258236,2707.665905,2585.641898,2503.102385,2487.420775,2514.550635,2534.083393,2587.009418,2640.076708,2685.606061,2732.588916,2767.827758,2765.321287,2721.61172,2645.899523,2565.705339,2525.152114,2528.243478,2532.360108,2547.074932,2581.504769,2642.079016,2692.245468,2729.29468,2734.018645,2704.055653,2657.337156,2637.181105,2634.527828,2649.888661,2672.516859,2715.952943,2772.762399,2823.489823,2876.502257,2919.004504,2945.025667,2938.976491,2927.86439,2928.475572,2928.719741,2939.572025,2948.225988,2970.464951
3548.431452,3974.495968,3912.801389,3793.323347,3607.381623,3150.328984,2727.439269,2485.256687,2395.963047,2391.75,2440.703731,2522.486986,2610.486427,2701.031909,2763.733791,2803.871399,2791.192103,2705.077239,2583.173527,2461.332442,2435.799296,2450.87855,2474.788214,2505.143664,2557.339849,2650.083018,2738.408191,2790.884536,2787.566327,2734.501643,2663.683722,2628.202002,2635.030597,2641.712077,2662.737688,2714.119868,2790.637311,2853.321028,2917.000738,2975.690427,3009.374198,2995.785505,2975.173739,2964.07711,2964.72427,2973.659911,2984.527516,3006.063056,3032.531334,3064.288083,3096.674081,3131.94548,3127.320487,3099.731741,3050.703975,3014.974985,3002.600144,3001.928541,3014.334215,3032.81517
3578.076613,3547.943548,3511.230556,3440.659091,3216.384934,2898.039835,2502.909788,2217.039095,2064.028741,2086.717105,2114.200746,2163.223288,2291.825126,2496.131148,2649.796429,2743.046296,2737.938953,2655.455896,2541.247834,2492.307155,2487.455203,2517.140135,2557.011429,2643.771404,2749.899639,2843.268308,2934.530907,3014.990023,3050.473214,3039.875274,3007.240323,3002.355749,2996.656716,3003.275362,3017.308279,3041.283417,3091.691659,3129.655332,3168.438027,3210.536257,3207.153869,3169.505869,3107.471426,3058.997199,3045.785858,3040.053929,3056.449336,3079.530459,3108.823224,3126.5174,3161.540216,3177.135351,3167.547224,3142.665855,3099.677152,3087.699237,3091.484222,3090.935907,3086.20135,3102.422371
3430.762097,3828.709677,3964.527778,3898.329545,3587.051325,3217.307005,2812.446934,2619.70216,2520.557482,2539.634046,2570.56791,2689.62911,2871.107008,3031.839578,3181.924451,3300.916152,3345.28125,3296.54319,3221.485702,3190.625822,3177.011541,3173.749253,3192.155,3228.628938,3297.837057,3332.450758,3381.246955,3434.87632,3416.157455,3347.310515,3288.257556,3225.627952,3191.318035,3187.529106,3191.545497,3213.873974,3241.931677,3276.60082,3312.053752,3333.879006,3334.192863,3298.732297,3239.785933,3213.17233,3203.211314,3207.315179,3192.040618,3217.057324,3247.079842,3286.643056,3320.364039,3335.567636,3323.710608,3289.450243,3253.802899,3236.261444,3229.485086,3219.399363,3211.660008,3220.539978
4216.725806,4480.030242,4623.423611,4593.019628,4306.388245,3849.639423,3489.96875,3243.416152,3038.867245,2988.083059,2961.993284,2981.616096,3074.839646,3188.656323,3280.292033,3371.178241,3341.006056,3238.412706,3134.964471,3036.684005,3023.548513,3027.525411,3047.468036,3092.091438,3153.859724,3205.86048,3264.133374,3292.101232,3282.506803,3228.985214,3146.043611,3109.952387,3112.522637,3115.256522,3093.462711,3125.319685,3158.409938,3197.816278,3246.050379,3279.721035,3279.399058,3241.810055,3198.450497,3178.127334,3171.003467,3164.139464,3172.379892,3189.353953,3199.63564,3219.913821,3244.710509,3266.819532,3268.264113,3236.999467,3197.53549,3171.601599,3163.923631,3169.658074,3165.059159,3180.164773
3704.689516,3908.4375,4013.013889,4063.96281,3749.792219,3328.273352,2935.005896,2794.410494,2688.407391,2682.298109,2730.759701,2821.523288,2948.617424,3056.397834,3164.833791,3205.924126,3192.817103,3119.962751,2993.003033,2963.392475,2967.096831,2975.424888,2959.936071,3017.967808,3084.867773,3162.372001,3227.039586,3257.30091,3238.104308,3182.86569,3117.020148,3096.086114,3080.376244,3060.335024,3046.839705,3053.089758,3064.945209,3093.318977,3122.532251,3158.50606,3167.492081,3123.679382,3075.067087,3044.455937,3031.633212,3034.785179,3041.424703,3064.44165,3086.692694,3101.251559,3128.745003,3153.954488,3147.492401,3112.065733,3062.201958,3036.479387,3040.50281,3041.31813,3046.589365,3050.881572
3655.435484,3937.935484,4079.1375,3996.335744,3664.281457,3231.576236,2822.395047,2644.896605,2580.597172,2597.20847,2519.041791,2633.365753,2752.894255,2902.060597,3002.483242,3064.973251,3059.327277,2955.23309,2859.036612,2827.537007,2821.642606,2816.807549,2827.374821,2858.232021,2883.404238,2934.346117,2987.065012,3031.431338,3041.859977,2976.328176,2904.323303,2858.897587,2840.501741,2838.816908,2826.491205,2860.204608,2891.939885,2909.606218,2938.58769,2969.664544,2970.820569,2922.690239,2858.198586,2824.743372,2832.712865,2832.857857,2845.62203,2846.908453,2870.468834,2901.830762,2928.240248,2930.998341,2918.135468,2882.344187,2837.518305,2809.363703,2811.115778,2821.003045,2818.684298,2835.338034
3698.548387,4080.554435,4152.268056,3973.299587,3618.075331,3173.158654,2801.339623,2655.50823,2630.04927,2605.891036,2582.519403,2643.171233,2697.053662,2785.140515,2870.264286,2939.321759,2944.375484,2855.215494,2749.096837,2681.430715,2673.648083,2700.182735,2687.79,2737.24863,2789.121551,2824.792771,2876.244214,2918.649501,2913.438492,2849.064485,2765.61201,2723.417864,2731.147512,2739.796256,2752.109287,2770.367473,2805.692436,2849.834089,2885.2793,2893.443303,2882.17071,2838.966549,2784.610665,2751.568708,2755.122719,2764.660179,2767.126834,2790.20012,2827.133629,2877.720535,2920.494036,2958.966419,2983.839408,2959.215612,2929.131799,2907.813013,2896.527378,2902.025283,2906.742553,2915.738363
3215.528226,3548.489919,3726.3,3743.955579,3591.462748,3128.414148,2772.566627,2576.890947,2479.191606,2506.963405,2459.48097,2557.583562,2646.262626,2726.925351,2809.731319,2889.949846,2897.879603,2808.239488,2666.370667,2602.876234,2616.006847,2643.751682,2668.908036,2683.835103,2744.459921,2802.756155,2870.196559,2875.812353,2853.531746,2791.029984,2722.342259,2675.245893,2660.57102,2678.781039,2689.229831,2727.606296,2781.049357,2849.930807,2907.181809,2951.081656,2984.846131,2952.114241,2912.894973,2882.199963,2889.185219,2903.314286,2922.099755,2945.215264,2996.314511,3046.103496,3095.04618,3136.166403,3148.876086,3130.407943,3092.396369,3078.455839,3075.564049,3082.549929,3088.940702,3094.864321
3382.951613,3396.304435,3602.515278,3640.295455,3472.805464,3083.353022,2641.539505,2511.313272,2519.752737,2538.653783,2583.693657,2601.62226,2741.244949,2860.495023,2946.210714,2928.430041,2890.577519,2774.071527,2668.844021,2598.352179,2602.681729,2627.403214,2633.11375,2694.454623,2770.095434,2867.651199,2947.269945,3009.538732,3049.404762,3021.801068,2947.909199,2884.599589,2878.076617,2887.047101,2903.456144,2921.985401,2978.855257,3042.93696,3091.003267,3144.13712,3156.241279,3130.948944,3083.511277,3072.800411,3071.115967,3074.802054,3080.938155,3099.419576,3136.2438,3165.519698,3199.440764,3226.750869,3239.116935,3226.028911,3181.877241,3152.204152,3152.924135,3156.984703,3151.86985,3164.031284
3575.625,3780.280242,3841.9125,3586.784091,3289.730132,3061.477335,2753.991156,2603.048354,2564.212135,2573.054688,2565.191418,2669.915068,2763.143308,2930.082845,3023.98956,3122.096193,3187.161095,3092.546846,2970.715988,2872.170025,2871.393192,2884.934043,2905.7,2940.210788,3028.687582,3117.570865,3194.678136,3253.871332,3256.429563,3211.720564,3132.448436,3101.151566,3095.760945,3095.617391,3094.167331,3092.487568,3131.920031,3152.003886,3178.516442,3207.759963,3221.483561,3201.09018,3140.102924,3100.842886,3088.726825,3080.107411,3070.892208,3091.517283,3108.395694,3119.311146,3148.418359,3164.414191,3162.577621,3131.923539,3089.183129,3038.016579,3014.93732,3003.845751,3002.678939,3015.434009
3717.116935,4270.810484,4348.747222,4259.772727,4059.928808,3585.56456,3134.215212,2846.42644,2704.663321,2714.964227,2727.19291,2779.646233,2946.616162,3099.019321,3230.151648,3312.459105,3327.755572,3246.240859,3116.27188,3079.642475,3075.634194,3078.046712,3085.730714,3091.756336,3160.558147,3199.034249,3234.785171,3273.909478,3291.966837,3258.407311,3166.209438,3114.491786,3099.053234,3099.266787,3068.274156,3080.165944,3112.934117,3149.335492,3186.159254,3212.274445,3213.71251,3178.293329,3118.453077,3058.028753,3037.30812,3038.261696,3050.764326,3082.4846,3116.29055,3157.799409,3196.081883,3219.41182,3208.094448,3173.364957,3139.69486,3122.455106,3112.467219,3120.294334,3122.837625,3129.475835
4361.875,4662.608871,4738.831944,4663.463843,4305.267384,3783.521978,3336.452241,3143.64249,3080.106296,3039.645559,3021.868657,3047.405479,3153.720013,3195.266686,3251.874176,3304.578961,3336.70906,3272.391682,3120.492418,3031.325041,2993.626956,2992.047459,2966.238571,3009.263699,3053.673292,3078.242424,3123.976096,3151.448944,3142.89144,3085.766566,2999.180938,2907.738065,2865.884826,2858.05942,2863.056637,2901.050411,2943.737467,3000.026446,3043.552066,3075.575185,3058.253909,3011.786092,2968.866017,2947.144511,2934.077372,2935.290625,2934.557215,2945.822211,2966.513321,3015.027413,3056.525467,3081.301912,3079.319091,3044.243914,3001.040795,2979.097711,2972.094308,2979.307082,2982.389616,3012.651082
3897.887097,3931.493952,4023.098611,3984.411157,3810.602649,3441.188874,2959.693986,2694.676955,2604.376369,2594.203125,2543.025,2615.177397,2692.571654,2768.793033,2864.054121,2906.209362,2906.204942,2820.191728,2690.17591,2554.630345,2509.022105,2513.76719,2542.998393,2612.449486,2697.475854,2784.96654,2854.544306,2898.865464,2881.140164,2810.750548,2751.26869,2684.282469,2661.202239,2673.742995,2666.464235,2674.344548,2706.024179,2771.226684,2826.785413,2855.856923,2854.87921,2811.603678,2760.295298,2736.65422,2741.566515,2752.621429,2756.278564,2788.243583,2834.986511,2884.983585,2940.673034,2964.236963,2968.726504,2938.78629,2906.792738,2881.994938,2880.540994,2885.021742,2881.710607,2895.218305
3498.258065,3718.455645,3834.116667,3737.235537,3485.281457,3089.537775,2656.929245,2323.819444,2291.547901,2279.574424,2317.077612,2453.356849,2618.86774,2776.668618,2885.492582,2976.268261,2965.720688,2861.262569,2784.072357,2731.51727,2702.248239,2719.862855,2733.761429,2762.927397,2804.90046,2897.51673,2967.964982,3002.99105,2975.702523,2914.281353,2833.853924,2794.416581,2784.621517,2777.877053,2786.837477,2824.265511,2883.917702,2930.279793,2984.473124,3007.084532,3009.572073,2963.408549,2916.355791,2881.060306,2872.756478,2882.664196,2884.457984,2900.250941,2915.126843,2938.27019,2943.592199,2946.25798,2939.343285,2918.960286,2901.69329,2899.475425,2910.039193,2911.238598,2910.312778,2932.793332
3895.044355,4112.977823,4170.666667,4043.93905,3694.26904,3304.995192,2904.083726,2702.329733,2563.114051,2571.36801,2557.385821,2578.917123,2657.643939,2819.312061,2904.923901,2951.371399,2935.864341,2852.690585,2728.17201,2667.750617,2654.523865,2669.15284,2672.186607,2738.681678,2832.838206,2922.981534,3023.313033,3050.891872,3044.762755,2984.980832,2916.783537,2866.548126,2866.000871,2876.380556,2865.100727,2893.852532,2920.554348,2966.300194,2975.999895,2984.185189,2983.203589,2967.100254,2949.428135,2954.842513,2959.381569,2961.510982,2976.243885,2996.146817,3021.462299,3062.429087,3079.651112,3088.771492,3064.416331,3030.762553,3001.168261,2993.221464,3003.490922,3011.063385,3009.030067,3001.837555
3735.66129,4166.961694,4274.620833,4028.711777,3648.84851,3129.714973,2735.777712,2569.302984,2513.003193,2517.588405,2530.066791,2637.401027,2817.192551,2968.763466,3125.628022,3160.917438,3152.068556,3058.669104,2948.055026,2865.29338,2857.162363,2865.598468,2867.765179,2909.433219,2942.114488,2994.920455,2999.323538,2992.887031,2991.770408,2954.576944,2919.123012,2925.832777,2937.239179,2931.759903,2932.190549,2967.350251,2984.507209,3037.651554,3055.720805,3066.240756,3036.481355,2991.074335,2953.129492,2942.779593,2961.976186,2979.764286,2972.480084,2960.8282,2982.326072,3016.996142,3048.097115,3053.851928,3036.635081,3001.505021,2961.02234,2936.575704,2944.822262,2949.972663,2962.530415,2978.629244
4139.879032,4359.149194,4618.25,4276.608471,3915.883278,3529.958104,3115.584316,2897.436728,2866.676551,2850.320724,2813.321269,2865.977397,2901.314078,2965.074356,2945.060989,2932.842078,2918.41594,2860.590265,2801.785312,2784.136102,2802.26741,2816.869395,2830.211607,2887.616267,2922.007884,2990.816604,3021.108709,3025.810593,2968.137472,2889.341046,2832.689422,2829.45367,2844.734453,2846.686957,2832.555464,2810.230953,2841.746118,2888.029361,2927.571037,2937.783689,2914.706095,2871.364339,2821.139717,2790.454164,2788.075547,2801.091786,2815.493798,2838.982974,2860.271364,2899.962984,2936.173034,2966.040139,2964.735034,2928.948189,2895.202555,2879.455252,2882.459798,2895.274575,2910.626949,2922.522522
3157.91129,3375.266129,3232.384722,3121.191116,3018.834437,2711.067995,2538.85908,2473.229424,2459.965785,2479.714227,2475.205224,2563.701712,2629.447917,2743.585187,2786.868132,2796.111111,2733.157219,2634.816042,2556.149697,2558.793997,2602.296557,2620.786996,2618.135357,2599.235959,2658.407194,2737.147254,2799.465438,2804.795628,2764.290249,2720.655805,2650.555408,2609.848434,2622.130721,2629.552899,2641.573874,2661.483691,2695.841282,2744.959521,2787.183495,2827.968468,2828.225942,2783.575313,2741.534213,2738.214712,2747.280201,2760.768125,2787.381901,2814.108487,2848.119806,2886.343319,2938.390716,2985.329646,2992.654854,2977.582547,2960.907427,2959.828492,2968.29085,2976.733853,2977.874722,2999.506982
3410.08871,3799.75,3576.263889,3362.907025,3022.105132,2620.165522,2358.023585,2357.502058,2426.722172,2486.606086,2437.322388,2392.09589,2498.324811,2642.072014,2734.773626,2742.481481,2695.254603,2610.310329,2499.503466,2445.49815,2478.863459,2514.15938,2548.1225,2589.424144,2641.289093,2691.198706,2748.702954,2798.984155,2783.260062,2727.3954,2662.304613,2649.756032,2670.963433,2682.280435,2707.507739,2723.286953,2758.903727,2804.7106,2875.320089,2928.917728,2946.198877,2923.955203,2900.882932,2887.765403,2885.939142,2883.305804,2887.581324,2913.049538,2941.761729,2971.853168,3000.779255,3040.847266,3054.51419,3019.32745,2976.46832,2951.851232,2962.64928,2970.949292,2978.2152,2989.024028
4026.774194,4162.788306,4122.751389,3745.658058,3392.237583,3066.631181,2679.675708,2535.382716,2547.455748,2585.331826,2575.273134,2660.714041,2734.149621,2812.766686,2901.467033,2979.339506,2973.559835,2879.185786,2767.173527,2725.393298,2730.011737,2765.383221,2815.198393,2847.905993,2887.260512,2924.508207,3019.970463,3089.838322,3090.23356,3052.718647,3008.707582,2996.853439,2991.943657,2977.946377,2980.823874,3006.272354,3041.767413,3066.156196,3091.220594,3130.104355,3139.281175,3084.987969,3026.221235,2988.411408,2998.920985,3006.403214,3005.979036,3012.041153,3029.390416,3066.792843,3095.991941,3103.927623,3111.998139,3084.338786,3046.910714,3019.419161,3012.860303,3008.080453,3016.060899,3029.821262
3818.004032,3905.806452,3944.979167,3885.929752,3524.990894,3180.848214,2802.467571,2659.500514,2655.821624,2687.568668,2722.712687,2782.719178,2855.309343,2967.638466,3131.403022,3218.034465,3194.373547,3118.729205,3038.207106,2985.246711,2969.539906,2967.075112,2976.373036,3035.494863,3106.140276,3164.438131,3214.259287,3273.589202,3285.163265,3208.747125,3123.650848,3068.662988,3053.387065,3057.231763,3048.271928,3068.133212,3105.786269,3156.150907,3189.233031,3198.903965,3200.986468,3159.74912,3106.053612,3084.159447,3072.388139,3078.002321,3089.504892,3116.943617,3151.695543,3190.277577,3227.473324,3255.935209,3271.729916,3250.511108,3209.247759,3185.143192,3175.611455,3173.530949,3174.449401,3189.872604
3498.862903,3852.840726,4332.726389,4207.558884,3928.807119,3526.646291,3223.597877,3053.799897,2991.233577,2972.575658,2971.990672,3043.371575,3113.320707,3181.813817,3240.22967,3314.199331,3329.085756,3194.751143,3062.529896,2976.878701,2978.312989,2990.949552,2991.430536,3033.714384,3069.611038,3146.496843,3200.69595,3211.283744,3215.593963,3157.315307,3091.222561,3031.206109,3008.808582,3014.780556,3030.671435,3070.687272,3113.644188,3175.462759,3229.676012,3262.532662,3293.009523,3268.806338,3220.655772,3199.01755,3189.24635,3193.423036,3205.779525,3224.439511,3233.249497,3246.490726,3256.792553,3267.115202,3245.997596,3209.468198,3179.857591,3133.566755,3128.129035,3119.343909,3126.872982,3150.663609
3717.399194,4014.985887,4066.7125,4146.295455,3844.351821,3409.700549,2983.221698,2857.966049,2864.480839,2857.368421,2844.385448,2906.402055,3007.833649,3194.198185,3269.792033,3272.690329,3238.496609,3138.550503,3027.156629,2967.863898,2914.514476,2925.544096,2968.848036,3031.046404,3097.538108,3176.857481,3245.404689,3289.713908,3303.340986,3256.869113,3184.353659,3142.29633,3134.006716,3141.063406,3143.754104,3168.659443,3176.57165,3188.785082,3198.134064,3208.862675,3181.142442,3131.402876,3076.07932,3014.584858,2985.742153,2984.086607,2999.113295,3016.005476,3051.087885,3097.738838,3143.549968,3177.190503,3195.389346,3167.757988,3122.569112,3078.294674,3063.30072,3056.151912,3049.108575,3049.060926
3424.870968,4119.881048,4118.975,3871.069215,3634.53394,3319.671703,2958.420401,2686.00463,2542.055201,2573.290707,2617.859328,2746.20274,2917.929924,3045.169789,3168.678297,3224.168467,3255.719961,3185.367916,3066.264948,3002.975329,2977.993545,2997.985613,3009.5125,3051.691438,3074.178548,3094.965436,3116.03243,3123.175176,3067.502976,3010.953998,2934.779295,2850.497048,2810.397886,2807.365821,2825.751993,2865.415146,2904.101264,2973.622301,3037.319983,3083.766845,3113.807137,3080.450411,3026.015004,2975.837472,2958.842701,2963.28125,2961.919724,2966.980151,2974.274799,2992.730794,3018.347195,3046.473372,3035.499225,2995.960134,2952.786237,2922.89708,2922.422406,2913.055382,2924.544613,2946.666689
