DEC,JAN,FEB,MAR,APR,MAY,JUN,JUL,AUG,SEP,OCT,NOV,DEC,JAN,FEB,MAR,APR,MAY,JUN,JUL,AUG,SEP,OCT,NOV,DEC,JAN,FEB,MAR,APR,MAY,JUN,JUL,AUG,SEP,OCT,NOV,DEC,JAN,FEB,MAR,APR,MAY,JUN,JUL,AUG,SEP,OCT,NOV,DEC,JAN,FEB,MAR,APR,MAY,JUN,JUL,AUG,SEP,OCT,NOV,
165982.0304,131887.9803,78257.57104,38049.34731,32500.37798,35786.2649,81627.84217,158514.0283,201295.9703,201106.2474,193582.4611,185464.5874,165982.0304,131888.5466,78831.8367,39323.60543,19489.63628,14540.41777,28647.3046,125904.6305,201295.9703,201295.9703,193582.4611,184263.3868,163948.0313,131888.5466,78138.07395,34044.77881,21221.21148,19221.75891,58278.61964,139544.2893,197463.0019,201295.9703,193582.4611,188488.2604,165982.0304,131888.5466,79969.60761,39363.53218,21597.54238,11172.41198,42034.66036,83864.58992,184143.3234,201295.9703,193582.4611,188488.2604,165982.0304,131888.5466,78573.58706,38049.34731,34618.7613,39029.11022,67220.79676,103763.4046,113242.186,102666.6932,89112.55117,77019.84166,77019.84166
165982.0304,131887.9803,79701.44707,39180.03901,11362.98436,14380.71075,41116.62818,120047.5738,195972.6862,201295.9703,193582.4611,184164.561,158539.5135,120931.909,67181.15317,27413.53958,14589.68908,12600.43058,51657.57448,132923.5273,189287.645,201295.9703,193582.4611,188488.2604,165982.0304,131888.5466,79969.60761,37889.07396,20819.11225,10393.98186,42259.49613,84089.14251,183364.8932,201295.9703,193582.4611,188488.2604,165982.0304,131888.5466,78573.58706,38049.34731,26422.16677,32976.66734,65922.18615,102840.2754,113308.1643,102745.414,89185.32547,77015.8773,45041.62634,40971.07959,19875.87808,9566.56359,1175.715487,7514.724857,48377.06775,120931.909,172299.5189,189652.9323,193582.4611,188488.2604,188488.2604
165982.0304,131887.9803,80464.30293,40354.05549,31419.52393,40795.23197,90966.45515,171828.6098,201295.9703,201295.9703,193582.4611,188488.2604,165982.0304,131888.5466,79969.60761,39363.53218,21597.54238,11172.41198,42034.66036,83864.58992,184143.3234,201295.9703,193582.4611,188488.2604,165982.0304,131888.5466,78573.58706,38049.34731,26422.44994,33064.44957,65724.81773,102550.0277,112806.3897,102219.0038,88687.5153,76613.21174,44735.52123,40152.72271,19943.83851,17562.95801,17950.33248,29336.53666,56944.04664,125995.8107,173260.3096,190613.7229,193582.4611,188488.2604,165982.0304,131888.5466,78402.27013,38049.34731,37707.2798,42760.70432,90426.1697,151175.1511,195570.0206,198234.6359,184001.1728,168292.9683,168292.9683
165982.0304,131887.9803,78124.19869,36305.87904,9482.462555,4901.079879,27017.10372,107107.9074,201295.9703,201295.9703,193582.4611,188488.2604,165982.0304,131888.5466,78573.58706,38049.34731,26422.16677,32976.66734,65922.18615,102840.2754,113308.1643,102745.414,89185.32547,77015.8773,45041.62634,40971.07959,19876.16125,17397.58763,17784.67893,30281.75301,57478.95188,126612.5517,173794.9316,191148.345,193582.4611,188488.2604,165982.0304,131888.5466,78402.27013,38049.34731,37707.2798,41934.13555,88745.56483,151175.1511,195570.0206,198234.6359,184001.1728,168292.9683,132168.0339,106827.8538,51871.93301,33249.92492,31053.67026,44448.67157,98262.29077,164714.5683,196834.0847,198578.6856,190402.7624,185862.4391,185862.4391
165982.0304,131887.9803,78768.40696,38049.34731,29177.11281,35916.23923,58549.89504,128401.61,170102.4148,183405.6695,178086.9161,162061.2797,135727.1784,131888.5466,77453.08942,35428.62312,35815.99759,45044.45803,77424.77257,146476.5367,193741.0355,201295.9703,193582.4611,188488.2604,165982.0304,131888.5466,78402.27013,38049.34731,37707.2798,42010.59104,88901.02432,151407.3492,195616.4603,198249.927,184085.2738,168379.3346,132305.6537,106964.0579,52008.13704,33249.92492,22275.44769,44413.84185,98262.29077,165189.725,196834.0847,198568.4916,190369.3485,185828.1758,165982.0304,131888.5466,81371.00837,42174.82875,29152.76032,39378.54011,105726.6116,136125.3132,199197.9751,201295.9703,193582.4611,188488.2604,188488.2604
165982.0304,131887.9803,78280.50769,37503.68167,36918.37244,44766.38659,96393.37887,171828.6098,201295.9703,201295.9703,193582.4611,188488.2604,165472.6103,115337.9159,61851.6394,38049.34731,37707.2798,41934.13555,83387.73421,149389.4907,190580.8754,195327.9116,183508.4597,167724.9323,130169.714,104849.0726,49893.15174,33422.65768,22448.46363,44586.85778,97474.79926,165022.0893,196046.5932,198383.8657,189756.2888,185198.6923,165982.0304,131888.5466,81371.00837,42174.82875,29152.76032,35131.01306,105726.6116,136125.3132,199197.9751,201295.9703,193582.4611,188488.2604,165982.0304,131888.5466,78542.15536,37917.10764,17895.11463,17035.13199,37564.27972,140031.3391,201295.9703,201295.9703,193582.4611,188488.2604,188488.2604
165982.0304,131887.9803,78711.77327,38049.34731,39872.95226,48181.68151,94749.5859,171062.6391,196906.859,200747.7561,193582.4611,181558.2784,147834.6126,122339.5394,67383.9018,33249.64175,22275.44769,44414.12501,104885.6013,165190.0082,201295.9703,198801.8224,191143.2479,186623.596,165982.0304,131888.5466,81371.00837,40837.99041,29514.9328,35493.18554,105726.6116,136487.7689,199489.9218,201295.9703,193582.4611,188488.2604,165982.0304,131888.5466,78542.15536,37917.10764,17895.11463,17035.13199,37564.27972,140031.3391,201295.9703,201295.9703,193582.4611,188488.2604,165982.0304,131888.5466,79819.81149,40854.98051,35798.15798,37221.36271,91387.52666,161396.117,201295.9703,201295.9703,193582.4611,188488.2604,188488.2604
165982.0304,131887.9803,78261.25223,37071.84976,26502.86978,36276.42952,91658.51889,171828.6098,201295.9703,200507.6292,193582.4611,188488.2604,165982.0304,131888.5466,81371.00837,42174.82875,29152.76032,35131.01306,105726.6116,136125.3132,198769.5412,201295.9703,193582.4611,188488.2604,165982.0304,131888.5466,78542.15536,36501.83163,17127.72808,17035.41516,37847.73136,140314.5076,201295.9703,201295.9703,193582.4611,188488.2604,165982.0304,131888.5466,79819.81149,40854.98051,35798.15798,38909.32996,96563.84629,161396.117,201295.9703,201295.9703,193582.4611,188488.2604,165982.0304,131888.5466,79577.70245,39147.75781,30970.7019,40361.98421,69068.75419,152636.8667,195732.2762,201295.9703,193582.4611,188488.2604,188488.2604
165982.0304,131887.9803,78849.10998,37345.10733,20972.02323,28693.74423,105726.6116,170597.9596,201295.9703,201295.9703,193582.4611,188488.2604,165982.0304,131888.5466,78542.15536,37917.10764,17895.11463,17035.13199,37564.27972,140031.3391,201295.9703,201295.9703,193582.4611,188488.2604,165982.0304,131888.5466,79819.81149,39570.52833,35247.3953,39382.78764,97158.21691,161810.6756,201295.9703,201295.9703,193582.4611,188488.2604,165982.0304,131888.5466,79577.70245,39147.75781,30970.7019,36986.04971,62204.18414,149148.2312,195732.2762,201295.9703,193582.4611,188488.2604,165982.0304,131888.5466,75668.56172,38049.34731,27200.03055,34350.03442,98367.06311,158256.345,190834.3111,186927.4358,182139.0569,177104.0384,177104.0384
165982.0304,131887.9803,79675.67874,41834.17708,15005.09723,17508.3065,67471.11768,136333.7252,201295.9703,201295.9703,193582.4611,188488.2604,165982.0304,131888.5466,79819.81149,40854.98051,35798.15798,38909.32996,96563.84629,161396.117,201295.9703,201295.9703,193582.4611,188488.2604,165982.0304,131888.5466,79577.70245,38049.34731,29872.29141,35887.35605,61105.77365,148339.7852,194923.547,201295.9703,193582.4611,188488.2604,165982.0304,131888.5466,75668.56172,38049.34731,30009.06178,40364.24956,98367.06311,161569.4161,192056.7494,188157.5196,183676.3786,179692.1982,165982.0304,131888.5466,77436.66565,38049.34731,34180.13334,43319.67888,89539.85239,171828.6098,201295.9703,199142.7572,189332.1024,182937.8752,182937.8752
165982.0304,131887.9803,78848.82681,38640.88625,27890.67845,21179.30255,76413.01163,171828.6098,201295.9703,201295.9703,193582.4611,188488.2604,165982.0304,131888.5466,79577.70245,39147.75781,30970.7019,36986.04971,62204.18414,149148.2312,195732.2762,201295.9703,193582.4611,188488.2604,165982.0304,131888.5466,75668.56172,38049.34731,30009.06178,40522.25756,98418.03343,161784.6241,192102.9059,188200.8444,183669.5825,179692.1982,165982.0304,131888.5466,77436.66565,38049.34731,39872.95226,49223.17514,89539.85239,171828.6098,201295.9703,199142.7572,189332.1024,182937.8752,165982.0304,131888.5466,77608.26574,38049.34731,39872.95226,49441.21486,105726.6116,144041.2878,172384.1863,165347.1667,147542.6659,125439.6679,125439.6679
165982.0304,131887.9803,79296.79933,40926.62214,35036.71796,40654.49724,104885.6013,171828.6098,201295.9703,201295.9703,193582.4611,188488.2604,165982.0304,131888.5466,75668.56172,38049.34731,30009.06178,40364.24956,98367.06311,161569.4161,192056.7494,188157.5196,183676.3786,179692.1982,165982.0304,131888.5466,77436.66565,38049.34731,39872.95226,49223.17514,90740.76987,171828.6098,201295.9703,199142.7572,189332.1024,182937.8752,165982.0304,131888.5466,77608.26574,38049.34731,39872.95226,49441.21486,105726.6116,144041.2878,172384.1863,165347.1667,147542.6659,125439.6679,86902.70443,52850.28007,22413.06757,7621.196202,4835.384794,26549.30941,86647.56964,133537.7198,147604.6798,136133.5251,115735.7676,109838.7842,109838.7842
165982.0304,131887.9803,82669.61897,43102.77183,39642.45313,49441.21486,92852.35716,171828.6098,201295.9703,200701.3165,193582.4611,188488.2604,165982.0304,131888.5466,77436.66565,38049.34731,39872.95226,49223.45831,100521.1257,171828.6098,201295.9703,199142.7572,189332.1024,182937.8752,165982.0304,131888.5466,77608.26574,38049.34731,39872.95226,49441.21486,105726.6116,143981.2561,172328.6853,165296.7627,147490.8461,125388.6975,86849.46876,52793.64638,22385.60023,7611.002137,0,17622.14023,73331.57234,121897.7966,141681.3618,129156.254,108543.5716,102951.8438,79493.03508,48128.44584,23481.46221,8718.190854,0,8249.830205,57680.56783,138062.7519,176528.9232,186787.8337,177838.011,163967.853,163967.853
165982.0304,131887.9803,78179.13338,38049.34731,35889.33822,49441.21486,101840.9739,171828.6098,201295.9703,200072.1161,192002.3811,185554.0687,165982.0304,131888.5466,77608.26574,38049.34731,39872.95226,49441.21486,105726.6116,144041.2878,172384.1863,165346.8835,147542.6659,125439.951,86902.42126,52849.9969,22413.06757,7388.431719,0,17622.14023,73331.57234,121897.2303,141480.5953,128919.8083,108299.1972,102718.2298,79269.33199,47867.93084,23354.60273,8672.034394,7944.574594,17163.69047,67716.34158,139784.9825,177268.8424,187656.8777,178719.5145,164787.6258,165982.0304,131888.5466,79197.69036,38805.97347,18766.70718,37165.29535,88082.38428,163456.734,201295.9703,201295.9703,191594.9017,183505.9111,183505.9111
165982.0304,131887.9803,79462.16971,38960.86662,39872.95226,49441.21486,105726.6116,156738.8452,201295.9703,199248.3791,188173.377,166883.6388,130976.1778,98131.75011,56051.49963,36937.06156,27713.41499,24861.05899,80570.49111,140484.6918,174409.4072,167741.6392,148359.607,141099.4506,117540.9665,90267.31219,47148.9661,36226.59187,35499.41524,26909.21654,75323.09619,143657.0282,183045.196,198584.9153,184895.1357,171419.7145,165982.0304,131888.5466,79197.69036,38806.25663,18766.70718,36079.62744,85874.80289,161969.8163,201295.9703,201295.9703,191594.9017,183505.9111,165982.0304,131888.5466,80500.54849,44203.1645,23573.20879,16667.57931,80763.04567,143312.9785,201295.9703,201295.9703,193582.4611,179243.9425,179243.9425
165982.0304,131887.9803,79330.77954,38425.96138,33746.03608,42756.45679,105726.6116,174506.2508,201295.9703,199643.1159,187936.365,178283.7182,164720.5148,131888.5466,78806.91787,38049.34731,37322.17068,46541.00339,95593.99428,163851.4708,201295.9703,201295.9703,193582.4611,183713.7568,165982.0304,131888.5466,79197.69036,37364.92912,19608.00071,36920.92096,86715.81324,167572.3045,201295.9703,201295.9703,191594.9017,183505.9111,165982.0304,131888.5466,80500.54849,44203.1645,23573.20879,16667.57931,84329.55255,143312.9785,201295.9703,201295.9703,193582.4611,179243.9425,155582.102,127816.3008,74125.57673,34596.10782,35407.10232,49441.21486,105726.6116,144539.9475,170377.6545,157247.9821,141182.1358,133099.0918,133099.0918
165982.0304,131887.9803,78729.61288,38297.11973,39872.95226,48566.79063,104885.6013,171828.6098,201295.9703,201295.9703,193582.4611,183713.7568,165982.0304,131888.5466,79197.69036,38805.97347,20392.37737,37705.29762,87500.1899,168356.6812,201295.9703,201295.9703,191594.9017,183505.9111,165982.0304,131888.5466,80500.54849,42860.66279,22850.27969,16493.99704,84685.77848,143669.4876,201295.9703,201295.9703,193582.4611,179243.9425,155582.102,127816.3008,74125.57673,34596.10782,35407.10232,49441.21486,105726.6116,144539.9475,170377.6545,157247.9821,141182.1358,133099.0918,99975.46002,61234.6153,26016.95269,8572.925429,5173.204778,12991.48624,85230.59462,132704.6381,159264.7079,173663.8246,171980.6712,159540.7972,159540.7972
165982.0304,131887.9803,78785.68024,37362.66377,17268.46281,29983.01028,91640.96244,171828.6098,201295.9703,201295.9703,193381.4115,186097.7521,165982.0304,131888.5466,80500.54849,44203.1645,23573.20879,16667.57931,84329.55255,143312.9785,201295.9703,201295.9703,193582.4611,179243.9425,155582.102,127816.3008,74125.57673,33174.6021,33985.87977,49441.21486,105726.6116,144538.8148,170374.5397,157241.4692,141207.0546,133122.3116,99998.67983,61258.40145,26028.84576,8577.172956,7460.073342,15278.3548,87517.18001,134746.8491,159264.7079,173663.8246,171972.7425,159533.1516,122371.8206,90298.74389,46198.08638,24860.77582,25783.3387,49441.21486,105118.0826,134144.2666,173726.1217,165292.5152,144243.4701,125879.1453,125879.1453
165982.0304,131887.9803,79701.1639,38610.30405,10600.12851,13690.06285,76299.1779,144360.7018,201295.9703,201295.9703,193582.4611,179194.388,148478.5377,110417.8637,58701.67334,29077.72068,29888.71518,49441.21486,105726.6116,144539.9475,170377.6545,157247.9821,141182.1358,133099.0918,99975.46002,61234.6153,26016.95269,8443.23427,7325.851487,15144.13294,87383.52449,134621.4055,159016.3692,173415.4859,171684.477,159256.7792,122084.971,90087.21705,45987.12586,24656.04502,16800.10216,38069.73544,84344.84364,126008.5533,164190.4235,154169.9408,132661.0302,114880.5988,77710.48956,49101.69587,27203.14541,19382.03227,10524.80569,16957.82699,70351.22419,145406.443,187065.622,198590.8619,189819.1522,188488.2604,188488.2604
165982.0304,131887.9803,79248.09435,42968.54997,39563.16595,49441.21486,93446.16144,151226.4046,198889.3214,198752.2679,185526.035,172406.5566,147748.8126,111490.789,67303.48195,38049.34731,36931.96453,44750.24599,105726.6116,152973.554,175744.8297,190143.9464,188549.1416,175804.5783,144643.8703,111567.8108,66564.12907,38049.34731,30193.68762,49139.92361,94678.79379,136597.9214,182229.3877,174874.653,154608.0024,135659.7843,99232.14278,71983.40725,41726.85623,33905.74309,25048.51652,20123.36732,70593.6164,144239.7889,188821.2665,199264.2365,191185.1569,188488.2604,165982.0304,131888.5466,81854.37695,43690.62957,22018.61389,30374.06593,68755.00353,148964.4548,201295.9703,201295.9703,193582.4611,188488.2604,188488.2604
165982.0304,131887.9803,80004.43733,42184.45648,39872.95226,49441.21486,105726.6116,173082.7629,201295.9703,201295.9703,193582.4611,183058.505,152972.9877,119907.9718,66709.96084,38049.34731,30193.40445,49441.21486,103822.3037,143064.0734,186548.8395,179598.1863,159803.2944,140498.0007,104298.593,77374.93492,41868.44047,33676.37663,24819.15006,20123.36732,70593.6164,144239.7889,188821.2665,199264.5197,191186.0064,188488.2604,165982.0304,131888.5466,81854.37695,43690.62957,22018.61389,30374.06593,68755.00353,148964.4548,201295.9703,201295.9703,193582.4611,188488.2604,165982.0304,131888.5466,78344.50376,39112.92809,31693.631,21890.90491,90441.4608,171828.6098,201295.9703,201295.9703,193582.4611,188488.2604,188488.2604
165982.0304,131887.9803,78362.90971,38049.34731,29184.75836,48593.12529,105726.6116,163127.6922,200987.883,198707.5273,184529.282,164928.6437,131225.0829,104968.2865,51200.54057,38049.34731,29192.12074,23100.60061,73571.13286,147217.3054,191798.4998,201295.9703,193582.4611,188488.2604,165982.0304,131888.5466,81854.37695,42220.70205,21216.11445,30603.14923,68984.08682,149193.5381,201295.9703,201295.9703,193582.4611,188488.2604,165982.0304,131888.5466,78344.50376,39112.92809,31693.631,23472.68398,96412.63433,171828.6098,201295.9703,201295.9703,193582.4611,188488.2604,165982.0304,131888.5466,79398.45681,41258.77875,39872.95226,49441.21486,105726.6116,171828.8929,201295.9703,198842.0323,189147.1934,177085.3493,177085.3493
165982.0304,131887.9803,81629.54118,41330.42038,35465.43503,45336.97106,104885.6013,171828.6098,201295.9703,201295.9703,193582.4611,188488.2604,165982.0304,131888.5466,81854.37695,43690.62957,22018.61389,30374.06593,68755.00353,148964.4548,201295.9703,201295.9703,193582.4611,188488.2604,165982.0304,131888.5466,78344.50376,37747.48972,32027.20346,23594.16326,96534.1136,171828.6098,201295.9703,201295.9703,193582.4611,188488.2604,165982.0304,131888.5466,79398.45681,41258.77875,35863.00356,45688.38313,105726.6116,168345.6376,201295.9703,198842.0323,189147.1934,177085.3493,159082.0643,131888.5466,79109.62497,38933.68245,9686.627022,9836.423142,53884.69449,136067.83,200484.4094,201295.9703,193582.4611,187380.2221,187380.2221
165982.0304,131887.9803,79694.08469,40543.4952,11850.3173,17196.82118,77930.51146,171828.6098,201295.9703,201295.9703,193582.4611,188488.2604,165982.0304,131888.5466,78344.50376,39112.92809,31693.631,23472.68398,96412.63433,171828.6098,201295.9703,201295.9703,193582.4611,188488.2604,165982.0304,131888.5466,79398.45681,39874.65127,34479.15924,44304.53882,105726.6116,168345.3544,201295.9703,198842.0323,189147.1934,177085.3493,159082.0643,131888.5466,79109.62497,38933.68245,9686.627022,9836.423142,53884.69449,136067.83,200484.4094,201295.9703,193582.4611,187380.2221,165982.0304,131888.5466,80512.72474,41067.0737,33802.10343,37859.62444,83781.05522,147965.1533,201295.9703,197218.9106,188330.2524,180791.4582,180791.4582
165982.0304,131887.9803,79242.43098,38878.46459,28615.0234,24169.27842,72286.96385,132729.2738,201295.9703,201295.9703,193582.4611,188488.2604,165982.0304,131888.5466,79398.45681,41258.77875,35863.00356,45688.38313,105726.6116,168345.6376,201295.9703,198842.0323,189147.1934,177085.3493,159082.0643,131888.5466,79109.62497,37512.74306,9125.953451,9955.3539,54163.0491,136346.1846,200484.4094,201295.9703,193582.4611,187380.2221,165982.0304,131888.5466,80512.72474,41067.0737,39592.89864,39983.38796,87142.54813,147965.1533,201295.9703,197218.9106,188330.2524,180791.4582,153310.5245,118360.1729,69569.67922,33471.07949,30780.12952,30272.69162,70514.32923,104877.3894,125601.9234,113055.8612,92907.57501,76697.31277,76697.31277
165982.0304,131887.9803,79599.78959,39974.0434,32828.57023,38267.38704,99581.57268,171828.6098,201295.9703,201129.7504,193582.4611,183466.2676,165982.0304,131888.5466,79109.62497,38933.39928,19030.90336,10317.2432,53884.69449,136068.1132,201295.9703,201295.9703,193582.4611,187380.2221,165982.0304,131888.5466,80512.72474,39675.86701,39872.95226,40290.62575,87450.06908,148272.9574,201295.9703,197218.9106,188330.2524,180791.4582,153310.5245,118360.1729,69569.67922,33471.07949,24082.62887,25601.26137,70784.18878,104251.3039,125000.7567,112162.7478,90839.3125,74935.43855,44521.1627,10142.81143,10720.47511,2675.092536,0,5067.299771,49971.30624,136790.476,191783.2087,197654.7069,183598.7904,162117.9134,162117.9134
165982.0304,131887.9803,79728.06491,41023.46575,12658.19695,14187.30668,104885.6013,171828.6098,201295.9703,201295.9703,193582.4611,187315.6597,165982.0304,131888.5466,80512.72474,41067.0737,39592.89864,39983.38796,87142.54813,147965.1533,201295.9703,197218.9106,188330.2524,180791.4582,153310.5245,118360.1729,69569.67922,32929.37821,23540.92758,25130.06904,70527.92132,104073.7573,124812.4497,111826.6268,90365.57165,74554.29379,44233.7467,9362.682292,9940.062802,6406.403465,5168.107746,14140.30072,55762.38462,140019.7292,190975.329,197194.8413,183132.9783,161674.7548,123213.3973,88900.74116,53719.04094,38049.34731,38998.52803,49441.21486,80501.96434,150635.9983,183848.2618,180613.3452,168166.392,176674.4718,176674.4718
165982.0304,131887.9803,80234.37013,40242.48711,37550.1213,38887.24282,90937.00562,171828.6098,201295.9703,201295.9703,193582.4611,186937.0635,161900.1569,126916.3914,76815.96036,38049.34731,28660.89669,30179.5292,70931.15322,105137.3381,126021.5791,113829.4774,95697.35077,79103.11209,50272.88066,18488.35257,14730.42381,8023.012261,6784.433373,15757.19268,58169.59978,142426.9444,193382.5442,198186.7805,184142.1907,163053.5021,123035.5675,88544.23205,53792.0984,38049.34731,28278.05292,43434.92844,80503.38018,150636.5646,183848.2618,180818.076,168366.0257,176870.9907,151143.7194,110011.8001,60071.92556,38049.34731,29238.84354,49441.21486,103052.935,153443.3305,187818.5669,198837.5016,193582.4611,188488.2604,188488.2604
165982.0304,131887.9803,79462.73605,38049.34731,31873.15981,39298.12027,79822.64318,139946.9549,189438.8569,198214.2478,184103.1134,163249.4546,138519.5026,102099.7899,50264.10244,38049.34731,36810.76843,44413.84185,72865.19387,157122.8216,196906.859,198893.8521,185440.8013,165562.3747,132216.1725,100034.3591,66116.15655,38049.34731,30220.30546,45377.18098,86193.08425,156325.9855,189537.6827,186899.6853,172646.1171,181063.5831,156796.8947,115932.2865,62797.98842,38049.34731,38017.06611,49441.21486,103052.935,160888.6791,195263.9155,200380.4866,193582.4611,188488.2604,165982.0304,131888.5466,85152.44012,48977.66808,39872.95226,49441.21486,105726.6116,159931.8528,201295.9703,195003.1174,182816.1127,188488.2604,188488.2604
165982.0304,131887.9803,78644.37917,38049.34731,38434.45643,49441.21486,102177.378,171828.6098,201295.9703,200729.9165,191293.8936,173892.6248,137415.4288,86227.91397,56327.02255,38049.34731,28784.35814,43941.23367,81009.6854,151142.5867,184354.567,181701.2785,168836.9349,177333.9712,151768.9554,110628.541,60213.79297,38049.34731,38017.06611,49441.21486,103052.935,153168.0908,187543.3272,198685.7233,193582.4611,188488.2604,165982.0304,131888.5466,85152.44012,48977.66808,39872.95226,49441.21486,105726.6116,159931.8528,201295.9703,195003.1174,182816.1127,188488.2604,165982.0304,131538.5504,80839.21798,40545.47738,31114.83465,41853.43254,104885.6013,171828.6098,201295.9703,191928.4741,178632.0154,163354.7933,163354.7933
165982.0304,131887.9803,79946.3878,39199.57764,28554.14218,42272.23871,101345.7122,173500.7196,201295.9703,199725.5179,188418.6009,188488.2604,165982.0304,131888.5466,78754.24854,38049.34731,38017.06611,49441.21486,103052.935,162414.1077,201295.9703,201295.9703,193582.4611,188488.2604,165982.0304,131888.5466,85152.44012,47634.60002,39872.95226,49441.21486,105726.6116,159932.4192,201295.9703,195003.1174,182816.9623,188488.2604,165982.0304,131538.5504,80839.21798,40545.47738,31114.83465,43690.06324,104885.6013,171828.6098,201295.9703,191928.4741,178632.0154,163354.7933,159468.5892,131888.5466,78361.77704,36863.72093,23496.18697,12556.53947,72129.23902,167071.6626,201295.9703,193471.7423,176379.4103,167272.1459,167272.1459
165982.0304,131887.9803,79159.17945,38733.76551,39872.95226,49441.21486,105726.6116,174448.2013,201295.9703,201295.9703,193582.4611,188488.2604,165982.0304,131888.5466,85152.44012,48977.66808,39872.95226,49441.21486,105726.6116,159931.8528,201295.9703,195003.1174,182816.1127,188488.2604,165982.0304,131538.5504,80839.21798,39163.33207,29732.97252,42393.71798,104885.6013,171828.6098,201295.9703,191928.4741,178632.0154,163354.7933,159468.5892,131888.5466,78361.77704,36863.72093,23496.18697,12556.53947,70231.44393,165172.7349,201295.9703,193471.7423,176379.4103,167272.1459,139520.7864,113245.8672,59405.34698,38049.34731,27340.19895,22418.44777,82942.59338,146313.998,190892.6438,200595.4115,189191.0845,182929.3801,182929.3801
165982.0304,131887.9803,79413.18157,38617.38326,32126.31243,41529.77098,100502.4365,174013.2545,201295.9703,200167.8271,190930.3053,188488.2604,165982.0304,131888.5466,81189.21421,40895.47361,31464.83088,44040.34263,104885.6013,171828.6098,201295.9703,191928.4741,178632.0154,163354.7933,159468.5892,131888.5466,78361.77704,35359.81319,23691.00687,12645.45436,70320.35883,165272.127,201295.9703,193471.7423,176379.1271,167271.2964,139519.3705,113244.1682,59403.36481,38049.34731,31992.65691,24931.56794,82942.59338,148415.108,190892.6438,200595.4115,189191.0845,182929.3801,165982.0304,131888.5466,79334.17757,38049.34731,32248.92437,34600.07218,70337.91527,147218.438,183786.8143,194554.0122,183622.5766,170160.1812,170160.1812
165982.0304,131887.9803,82148.87216,43362.72048,36416.59792,47605.43367,104885.6013,171828.6098,201295.9703,198670.149,185980.5204,166252.7394,165606.8322,131888.5466,78361.77704,36864.0041,23496.18697,12556.53947,70231.44393,165175.8497,201295.9703,193471.7423,176379.4103,167272.1459,139520.7864,113245.8672,59405.34698,38049.34731,31992.65691,24944.02735,82375.12377,147909.9355,190325.1742,200275.7143,188986.92,182719.5523,165982.0304,131888.5466,79334.17757,38049.34731,36290.30478,40856.96269,78884.22287,151324.9472,184636.3197,195129.4105,183597.0914,170162.7297,144774.6942,112798.461,59697.01051,29183.62569,29194.66926,40200.29501,80802.12291,143967.664,175825.2496,186992.2813,182071.6628,180926.5295,180926.5295
165982.0304,131887.9803,82052.31171,42013.42273,21272.46497,14219.58789,97072.9832,171828.6098,201295.9703,198295.5172,184940.4426,176003.0794,151872.8782,129285.0957,75444.57546,38049.34731,31992.65691,25334.79984,88833.63023,158316.0936,196906.859,201295.9703,190705.7527,184485.3909,165982.0304,131888.5466,79333.8944,38049.34731,36201.67305,40768.04779,78795.59114,150965.8896,184276.9789,194885.8856,183607.5686,170161.8802,144772.9951,112575.0411,59473.59059,29027.59986,20260.13769,27017.95323,63230.95301,136495.9808,175465.9088,186746.2079,181712.3221,180567.1888,165982.0304,131888.5466,79409.21721,38130.89983,28684.39967,28616.15607,79277.82704,159946.2944,201295.9703,201295.9703,193582.4611,188488.2604,188488.2604
165982.0304,131887.9803,78407.084,38049.34731,39872.95226,44905.42231,103213.2083,171828.6098,201295.9703,201295.9703,193582.4611,187908.0482,165982.0304,131888.5466,79333.8944,38049.34731,36290.58795,40856.96269,78884.22287,151764.1415,185075.2308,195426.4542,183584.0656,170164.1455,144776.11,113071.1523,59969.70175,28524.12632,19756.94732,26514.76286,62727.76264,136636.9987,175677.7188,186891.4734,181924.1321,180778.9988,165982.0304,131888.5466,79409.21721,38130.89983,37462.62224,33311.37247,83973.04344,160158.1045,201295.9703,201295.9703,193582.4611,188488.2604,165982.0304,131888.5466,79209.0171,37661.68968,32036.54802,24315.11018,59836.04623,161308.0516,201295.9703,201295.9703,191726.0087,188488.2604,188488.2604
165982.0304,131887.9803,78664.20097,38049.34731,36837.9526,42083.64851,94923.45134,171828.8929,201295.9703,201295.9703,193582.4611,183339.1249,162673.2068,131888.5466,78787.09608,37909.46209,29142.56626,35900.3818,72113.09841,146022.6176,194203.7328,198021.4101,190382.0911,188488.2604,165982.0304,131888.5466,79408.93404,38049.34731,37381.06972,33535.07557,84196.74653,169065.1687,201295.9703,201295.9703,193582.4611,188488.2604,165982.0304,131888.5466,79209.0171,37661.68968,31321.54764,24315.11018,59836.04623,161308.0516,201295.9703,201295.9703,191726.0087,188488.2604,165982.0304,131888.5466,79303.59537,38756.41898,34693.51778,45713.30195,104885.6013,171828.6098,201295.9703,200400.5916,193582.4611,188488.2604,188488.2604
165982.0304,131887.9803,78985.59718,38049.34731,27938.53392,30622.97102,81884.39281,174549.5756,201295.9703,200344.5242,193582.4611,188488.2604,165982.0304,131888.5466,79409.21721,38130.89983,37462.62224,33311.65564,83973.04344,166801.2368,201295.9703,201295.9703,193582.4611,188488.2604,165982.0304,131888.5466,79209.0171,36135.12846,29794.98641,24487.27661,60008.21266,161479.9349,201295.9703,201295.9703,191726.0087,188488.2604,165982.0304,131888.5466,79303.59537,38756.41898,39872.95226,45556.99296,104885.6013,171828.6098,201295.9703,200400.5916,193582.4611,188488.2604,165982.0304,131888.5466,77835.65002,38049.34731,37310.27761,40525.93875,100158.9532,167574.0035,201295.9703,200623.4452,193582.4611,188488.2604,188488.2604
165982.0304,131887.9803,79700.03123,40030.11076,39872.95226,39669.92047,88688.93114,164547.2157,201295.9703,201295.9703,193582.4611,188488.2604,165982.0304,120863.9485,68184.41906,28005.64485,21665.50281,22484.14285,59836.04623,161308.0516,201295.9703,201295.9703,191726.0087,188488.2604,165982.0304,131888.5466,79303.59537,38049.34731,39872.95226,45556.70979,104885.6013,171828.6098,201295.9703,200400.5916,193582.4611,188488.2604,165982.0304,131888.5466,77835.65002,38049.34731,29290.66337,36753.5684,99309.44778,168429.1723,196906.859,200623.4452,193582.4611,188488.2604,165982.0304,131888.5466,81388.84798,48072.66165,39872.95226,49441.21486,98687.60982,143559.9014,149866.3464,132430.531,130244.1873,122962.2269,122962.2269
165982.0304,131887.9803,79323.9835,38367.34551,31784.24492,14465.09495,50917.08893,150071.6436,201295.9703,201295.9703,193582.4611,188488.2604,165982.0304,131888.5466,79303.59537,38756.41898,39872.95226,45556.99296,104885.6013,171828.6098,201295.9703,200400.5916,193582.4611,188488.2604,165982.0304,131888.5466,77835.65002,38049.34731,29290.66337,36753.85156,98467.58792,168549.2357,196906.859,200623.4452,193582.4611,188488.2604,165982.0304,131888.5466,81388.84798,48072.66165,39872.95226,49441.21486,98687.60982,143559.9014,149866.3464,132430.531,130244.1873,122962.2269,96768.5771,81062.35474,56117.47788,38049.34731,39872.95226,32032.30049,96736.86223,128939.0638,155932.9477,145940.2156,131924.509,146385.3564,146385.3564
165982.0304,131887.9803,79372.40531,38381.22076,38465.88813,40650.53288,91138.90474,168285.0395,201295.9703,201295.9703,193582.4611,188488.2604,165982.0304,131888.5466,77835.65002,38049.34731,29290.66337,36753.5684,99309.44778,168429.1723,196906.859,200623.4452,193582.4611,188488.2604,165982.0304,131888.5466,81388.84798,46694.4807,39872.95226,49441.21486,98742.5445,143588.5014,149891.5484,132457.1489,130279.017,122995.3576,96799.44246,81098.88347,56117.47788,38049.34731,36077.07892,32032.30049,96736.86223,128941.046,155935.7794,145943.6136,131927.907,146388.7544,142957.3189,117364.5526,64674.54587,38049.34731,35923.31844,22758.5331,84528.90315,160435.6096,201295.9703,196130.9774,185630.241,181980.4826,181980.4826
165982.0304,131887.9803,78489.20285,38049.34731,31050.55541,44796.96879,104885.6013,171828.8929,201295.9703,201207.9049,193582.4611,188488.2604,165982.0304,131888.5466,81388.84798,48072.66165,39872.95226,49441.21486,98687.60982,143559.9014,149866.3464,132430.531,130244.1873,122962.2269,96768.5771,81062.35474,56259.06211,38049.34731,35860.73821,31815.95978,96520.23835,128867.9885,155840.0685,145831.1957,131811.8079,146272.6554,142740.9782,117147.9287,64457.92199,38049.34731,29473.87337,22723.42021,84493.50709,160400.2135,201295.9703,196130.9774,185630.241,181980.4826,165982.0304,131888.5466,79111.32398,38342.42668,28428.98171,33723.94893,104885.6013,163168.1853,195843.2782,193667.978,183800.4063,170223.0446,170223.0446
165982.0304,131887.9803,78952.46647,38049.34731,38229.44246,38286.64249,80210.58398,145960.8869,188383.488,190399.0812,184064.0362,172050.897,153884.507,131888.5466,80675.26344,41899.02266,39872.95226,49441.21486,104885.6013,142018.6154,167705.3937,161476.82,151185.6283,165646.4757,165982.0304,131888.5466,79198.2567,38339.31183,32304.99173,37848.01453,99618.10141,171828.6098,201295.9703,196130.9774,185630.241,181980.4826,165982.0304,131888.5466,79111.32398,38342.42668,33277.67543,42820.1697,104885.6013,163168.1853,195843.2782,193667.978,183800.4063,170223.0446,153330.0631,119331.4408,65883.1089,38049.34731,33731.02815,46987.84324,92512.55499,147952.9771,187717.1926,187044.6675,184155.2164,179869.1785,179869.1785
165982.0304,131887.9803,79404.68652,43278.05311,39872.95226,44152.47735,104885.6013,160132.053,194479.2557,198619.1787,190281.2831,188488.2604,165982.0304,131888.5466,79198.53987,39853.6968,33819.37671,43470.60767,104885.6013,171828.6098,201295.9703,196130.9774,185630.241,181980.4826,165982.0304,131888.5466,79111.32398,38049.34731,33504.77654,43047.27081,104885.6013,163395.2864,195919.4505,193726.0276,183795.8757,170223.6109,153332.0453,119429.7002,65981.08519,38049.34731,28009.32604,34214.39672,90824.58774,146922.8102,186923.7546,186111.0611,183311.6576,179021.3721,148932.1736,112095.0705,59650.00454,26630.86193,16508.15546,20339.42486,82800.72598,165821.4739,201295.9703,199387.6979,188533.2842,188488.2604,188488.2604
165982.0304,131887.9803,79421.11029,40777.39235,36363.36224,44766.95293,104885.6013,171828.6098,201295.9703,199325.9672,190666.9586,187126.7864,165982.0304,131888.5466,79111.32398,38342.42668,33277.67543,42820.1697,104885.6013,163168.1853,195843.2782,193667.978,183800.4063,170223.0446,153330.0631,119331.4408,65883.1089,38049.34731,28009.32604,33572.4538,90182.92799,146434.6277,186609.7207,185741.5262,182930.5128,178641.0768,148410.8605,111581.9693,59136.90327,26630.57876,22566.26171,30232.4817,87562.77014,169570.6244,196906.859,199387.6979,188533.2842,188488.2604,165982.0304,131888.5466,77792.60842,36778.48722,18547.25162,5108.359199,35809.20155,133031.6977,201295.9703,201295.9703,193582.4611,188488.2604,188488.2604
165982.0304,131887.9803,78357.81268,38049.34731,36408.95237,49441.21486,104885.6013,171828.6098,201295.9703,199987.7319,191211.4915,179911.6538,165097.9784,131888.5466,78439.93154,38049.34731,28009.32604,37018.89725,93629.08827,148532.6229,188300.5197,187731.3511,184116.7055,179873.7092,150032.2831,113175.3582,60730.00909,26895.90762,22831.3074,30660.06609,88026.88326,170034.7375,196906.859,199387.6979,188533.2842,188488.2604,165982.0304,131888.5466,77792.60842,36778.48722,18547.25162,5108.359199,35809.20155,133031.6977,201295.9703,201295.9703,193582.4611,188488.2604,165982.0304,131888.5466,77768.82226,38049.34731,28332.42127,28304.38759,74986.69205,132951.561,175819.8694,174456.6963,158184.137,151061.3174,151061.3174
165982.0304,131887.9803,79316.90429,38194.32957,28752.07694,35357.54784,104885.6013,171828.6098,201295.9703,200032.1894,193295.3283,188488.2604,165280.9052,131888.5466,79443.4806,39704.75019,30247.48963,33879.69159,100729.8208,171828.6098,201295.9703,199387.6979,188533.2842,188488.2604,165982.0304,131888.5466,77792.60842,35289.58741,17752.39772,4313.505304,35014.34765,133241.5255,201295.9703,201295.9703,193582.4611,188488.2604,165982.0304,131888.5466,77768.82226,38049.34731,31756.77757,31728.7439,78411.04835,134907.4056,177912.7675,176312.8657,160100.9044,152847.2609,152255.4388,131888.5466,78831.8367,39323.8886,10874.23558,14540.1346,28647.02144,125904.3473,199586.199,201295.9703,193582.4611,184263.3868,184263.3868
165982.0304,131887.9803,78693.36732,37346.24,27368.23263,40205.67521,104543.5338,171828.6098,201295.9703,200165.8449,192521.1457,188488.2604,165982.0304,130817.0371,76721.09892,35706.97773,18547.25162,5108.359199,35809.20155,133031.6977,201295.9703,201295.9703,193582.4611,188488.2604,165982.0304,131888.5466,77768.82226,38049.34731,31756.77757,31728.46073,78411.04835,134949.5977,177952.4111,176343.4479,160132.3361,152876.7104,152297.3477,131888.5466,78831.8367,39323.8886,10874.23558,14540.1346,28647.02144,125904.3473,198991.5453,201295.9703,193582.4611,184263.3868,163948.0313,131888.5466,78138.07395,35562.27864,22590.04786,19491.3353,58548.19603,139814.1489,198207.4518,201295.9703,193582.4611,188488.2604,188488.2604
165982.0304,131887.9803,79362.49441,38814.18535,10496.77201,780.4123033,22014.08319,103976.6305,199357.6821,201295.9703,193582.4611,188488.2604,164184.1938,131888.5466,77768.82226,38049.34731,31756.77757,31728.7439,78411.04835,134907.4056,177912.7675,176312.8657,160100.9044,152847.2609,152255.4388,131888.5466,78831.8367,37869.8185,10975.89307,14641.79208,28891.96216,126149.5712,199008.2522,201295.9703,193582.4611,184263.3868,163948.0313,131888.5466,78138.07395,35562.27864,22590.04786,21615.09882,65061.07084,145512.0648,199906.4626,201295.9703,193582.4611,188488.2604,165982.0304,131888.5466,79969.60761,39363.53218,21597.54238,11172.41198,42034.66036,83864.58992,184143.3234,201295.9703,193582.4611,188488.2604,188488.2604
