DEC,JAN,FEB,MAR,APR,MAY,JUN,JUL,AUG,SEP,OCT,NOV,DEC,JAN,FEB,MAR,APR,MAY,JUN,JUL,AUG,SEP,OCT,NOV,DEC,JAN,FEB,MAR,APR,MAY,JUN,JUL,AUG,SEP,OCT,NOV,DEC,JAN,FEB,MAR,APR,MAY,JUN,JUL,AUG,SEP,OCT,NOV,DEC,JAN,FEB,MAR,APR,MAY,JUN,JUL,AUG,SEP,OCT,NOV
0.0,166544.6171392593,167399.2871392593,167089.8671392593,170307.97713925928,176105.08713925927,198134.18517925925,211441.78413125925,220711.69907925924,224492.79307925922,225428.85737925925,207312.87837925923,189838.98605125924,190334.80117925926,190817.13017925926,191727.39017925927,192124.71717925926,198850.89717925925,216404.86417925925,261198.40427925927,254188.0327792593,225329.2541832592,225428.85737925925,207312.87837925923,194040.7572792593,195180.32927925928,196009.42427925928,195850.3942792593,195880.6192792593,198883.5592792593,216028.0162792593,255441.04427925928,269684.1176792592,273197.95507925923,260909.80777925925,210839.16948325923,186269.93657925926,158128.66725925927,157237.40925925926,157011.92625925926,153767.37925925927,158607.98695925926,189463.89895925927,229682.64795925928,255649.4624592593,273197.95507925923,276823.8493792592,258707.87037925926,221750.8869792593,158364.40225925925,158430.49425925926,158095.93425925926,155393.2193512593,161930.3693512593,181483.03035125928,208910.57615125924,213932.5869592593,247624.90595925928,260798.59595925928,0.0
0.0,168322.3442792593,170094.9862792593,170439.2962792593,171458.2662792593,176951.3562792593,198134.18517925925,211441.78413125925,220711.69907925924,224700.84307925924,225428.85737925925,207312.87837925923,199816.5072792593,200956.07927925928,201785.17427925928,201607.75427925927,201637.97927925928,204640.91927925928,221785.37627925928,261198.40427925927,254188.0327792593,225329.2541832592,225428.85737925925,207312.87837925923,194040.7572792593,195180.32927925928,176321.12127925924,177249.62127925924,177400.65327925925,184366.38327925926,215222.29527925927,255441.04427925928,269684.1176792592,273197.95507925923,260909.80777925925,210839.16948325923,186269.93657925926,161969.82695925928,162035.9189592593,161701.3589592593,160665.8039592593,167202.9539592593,186755.61495925928,229682.64795925928,228151.86807925932,261844.1870792593,275017.8770792593,220266.9789792593,221750.8869792593,158735.31135125924,158679.38735125924,158010.02735125925,157636.19835125926,163569.92835125927,181483.03035125928,208910.57615125924,228477.51063525924,246144.08435925923,262604.5682592592,0.0
0.0,168914.2672792593,170536.3112792593,171031.5512792593,171458.2662792593,176951.3562792593,198134.18517925925,207922.02231125924,220711.69907925924,224700.84307925924,225428.85737925925,207312.87837925923,199816.5072792593,200956.07927925928,191024.72517925926,191973.68517925925,192124.71717925926,190123.74327925924,220979.65527925926,261198.40427925927,254188.0327792593,225329.2541832592,225428.85737925925,207312.87837925923,195019.33227925928,195943.33227925928,196009.42427925928,190973.7602792593,189938.2052792593,196475.3552792593,216028.0162792593,255441.04427925928,213718.03767925926,239029.18057925926,252202.87057925927,184786.02857925926,186269.93657925926,164007.89595925924,163951.97195925924,163282.61195925926,162908.78295925926,168842.51295925927,186755.61495925928,229682.64795925928,255649.4624592593,273197.95507925923,276823.8493792592,258707.87037925926,221750.8869792593,161541.20135125925,161874.20335125926,161090.12335125927,161151.65835125928,163569.92835125927,181483.03035125928,208910.57615125924,228477.51063525924,246144.08435925923,262604.5682592592,0.0
0.0,172047.95727925928,172565.9672792593,172244.45727925928,171458.2662792593,173219.84677925924,197274.98917925925,207922.02231125924,220711.69907925924,224700.84307925924,225428.85737925925,207312.87837925923,200795.08227925928,201719.08227925928,201785.17427925928,196731.12027925928,195695.5652792593,202232.71527925928,221785.37627925928,261198.40427925927,213449.6203792593,210449.19507925925,223622.88507925926,195147.4902792593,196631.3982792593,196589.9582792593,196534.0342792593,195850.3942792593,192949.82927925928,198883.5592792593,216028.0162792593,255441.04427925928,269684.1176792592,273197.95507925923,260909.80777925925,210839.16948325923,186269.93657925926,166813.78595925926,167146.78795925927,166362.70795925928,166424.24295925928,168842.51295925927,186594.72495925927,229682.64795925928,252519.72415925923,273197.95507925923,276823.8493792592,258707.87037925926,221750.8869792593,161541.20135125925,161204.09335125927,161090.12335125927,157636.19835125926,163569.92835125927,181483.03035125928,208910.57615125924,228477.51063525924,248192.35825925923,262604.5682592592,0.0
0.0,172047.95727925928,172415.63727925927,172244.45727925928,170307.97713925928,176105.08713925927,195881.85747925926,207922.02231125924,212402.95507925923,211056.38537925924,225428.85737925925,202976.93177925926,202374.47827925926,202333.03827925926,202277.11427925926,201607.75427925927,198707.18927925927,204640.91927925928,221785.37627925928,261198.40427925927,254188.0327792593,225329.2541832592,225428.85737925925,207312.87837925923,195249.6022792593,196847.8422792593,197180.8442792593,196403.7542792593,196465.2892792593,198883.5592792593,216028.0162792593,255441.04427925928,267730.94447925925,273197.95507925923,260909.80777925925,210839.16948325923,186269.93657925926,166813.78595925926,166476.67795925928,166362.70795925928,166424.24295925928,168842.51295925927,186594.72495925927,229682.64795925928,255649.4624592593,273197.95507925923,276823.8493792592,258707.87037925926,221750.8869792593,161541.20135125925,157237.40925925926,157842.59435125926,161151.65835125928,163569.92835125927,181483.03035125928,208910.57615125924,228477.51063525924,248192.35825925923,262604.5682592592,0.0
0.0,172047.95727925928,172415.63727925927,171599.16127925928,171458.2662792593,173957.19217925926,198134.18517925925,211441.78413125925,220711.69907925924,224700.84307925924,225428.85737925925,207312.87837925923,201013.95227925928,202612.19227925927,202945.19427925927,202161.1142792593,202222.6492792593,204640.91927925928,221785.37627925928,261198.40427925927,252523.97447925922,225329.2541832592,225428.85737925925,207312.87837925923,195249.6022792593,196847.8422792593,196534.0342792593,196403.7542792593,196465.2892792593,198883.5592792593,216028.0162792593,255441.04427925928,269684.1176792592,273197.95507925923,260909.80777925925,210839.16948325923,186269.93657925926,166813.78595925926,163768.58895925927,165811.55895925927,166424.24295925928,168842.51295925927,194040.80095925927,229682.64795925928,251338.05015925926,273197.95507925923,276823.8493792592,258707.87037925926,221750.8869792593,161541.20135125925,160742.9693512593,160757.7293512593,160979.6893512593,162658.2493512593,181483.03035125928,208910.57615125924,228477.51063525924,248192.35825925923,262604.5682592592,0.0
0.0,172047.95727925928,171514.2012792593,168572.16627925928,171458.2662792593,176105.08713925927,198134.18517925925,211441.78413125925,220711.69907925924,224700.84307925924,225428.85737925925,207312.87837925923,201013.95227925928,202612.19227925927,202277.11427925926,202161.1142792593,202222.6492792593,204640.91927925928,221785.37627925928,261198.40427925927,254188.0327792593,225329.2541832592,225428.85737925925,207312.87837925923,195249.6022792593,196847.8422792593,196009.42427925928,195852.6052792593,196465.2892792593,198114.91427925928,219799.19727925927,255441.04427925928,269684.1176792592,273197.95507925923,260909.80777925925,210839.16948325923,186269.93657925926,172477.2559592593,173300.73995925928,173315.4999592593,173537.4599592593,175216.01995925928,194040.80095925927,229682.64795925928,255649.4624592593,273197.95507925923,276823.8493792592,258707.87037925926,221750.8869792593,161541.20135125925,161874.20335125926,161090.12335125927,157636.19835125926,163569.92835125927,181483.03035125928,208910.57615125924,228477.51063525924,248192.35825925923,262604.5682592592,0.0
0.0,172047.95727925928,172369.6142792593,172166.2442792593,171458.2662792593,176105.08713925927,198134.18517925925,207922.02231125924,220711.69907925924,224700.84307925924,225428.85737925925,207312.87837925923,201013.95227925928,202612.19227925927,201785.17427925928,201609.96527925928,202222.6492792593,203872.27427925926,225556.55727925926,261198.40427925927,252523.97447925922,225329.2541832592,225428.85737925925,207312.87837925923,196265.5022792593,198221.1622792593,199044.6462792593,199073.8962792593,199295.8562792593,200974.41627925928,219799.19727925927,255441.04427925928,269684.1176792592,273197.95507925923,260909.80777925925,210839.16948325923,186269.93657925926,172477.2559592593,167146.78795925927,166362.70795925928,168169.82995925928,175216.01995925928,194040.80095925927,229682.64795925928,255649.4624592593,273197.95507925923,276823.8493792592,258707.87037925926,221750.8869792593,162550.68035125927,163614.16635125928,163949.8663512593,165364.6133512593,171170.66335125928,181483.03035125928,208910.57615125924,228477.51063525924,248192.35825925923,262604.5682592592,0.0
0.0,172047.95727925928,172565.9672792593,172166.2442792593,171458.2662792593,176951.3562792593,198134.18517925925,211441.78413125925,220711.69907925924,224700.84307925924,225428.85737925925,207312.87837925923,202037.35227925927,203993.01227925927,204816.49627925927,204831.25627925928,205053.21627925927,206731.77627925927,225556.55727925926,261198.40427925927,254188.0327792593,225329.2541832592,225428.85737925925,207312.87837925923,196500.1142792593,198221.1622792593,197180.8442792593,196403.7542792593,195880.6192792593,200974.41627925928,219799.19727925927,255441.04427925928,269684.1176792592,273197.95507925923,260909.80777925925,210839.16948325923,186269.93657925926,172477.2559592593,171787.01295925927,172122.71295925928,173537.4599592593,176845.87595925928,187158.24295925928,229682.64795925928,255649.4624592593,273197.95507925923,276823.8493792592,258707.87037925926,221750.8869792593,168263.43935125927,166904.15135125926,165923.09135125927,165671.12335125927,171170.66335125928,168732.90215125924,208910.57615125924,228477.51063525924,251849.1782592592,262604.5682592592,0.0
0.0,172047.95727925928,172565.9672792593,172166.2442792593,171458.2662792593,176951.3562792593,198134.18517925925,207922.02231125924,220711.69907925924,224700.84307925924,225428.85737925925,207312.87837925923,202271.96427925926,203993.01227925927,202945.19427925927,202161.1142792593,201637.97927925928,206731.77627925927,225556.55727925926,261198.40427925927,254188.0327792593,225329.2541832592,225428.85737925925,207312.87837925923,196500.1142792593,198221.1622792593,198172.3222792593,198494.8522792593,199909.5992792593,205715.6492792593,216028.0162792593,255441.04427925928,269684.1176792592,273197.95507925923,260909.80777925925,210839.16948325923,186269.93657925926,176129.77595925928,174770.48795925928,173789.42795925928,173537.4599592593,176845.87595925928,189504.97395925928,229682.64795925928,255649.4624592593,273197.95507925923,276823.8493792592,258707.87037925926,221750.8869792593,168263.43935125927,164138.8063512593,163949.8663512593,160979.6893512593,156373.21635125927,181483.03035125928,208910.57615125924,225797.44393525925,249463.51825925923,262604.5682592592,0.0
0.0,173739.70227925928,174980.44627925928,175481.8362792593,175037.2962792593,176951.3562792593,198134.18517925925,211441.78413125925,220711.69907925924,224700.84307925924,225428.85737925925,207312.87837925923,202271.96427925926,203993.01227925927,203916.51227925927,204252.21227925929,205666.9592792593,211473.00927925928,221785.37627925928,261198.40427925927,254188.0327792593,225329.2541832592,225428.85737925925,207312.87837925923,202912.5432792593,202797.71527925928,201438.42727925928,200468.07727925928,200216.10927925928,205715.6492792593,216028.0162792593,255441.04427925928,269684.1176792592,273197.95507925923,260909.80777925925,210839.16948325923,186269.93657925926,176129.77595925928,173300.73995925928,172122.71295925928,173537.4599592593,162048.42895925927,187158.24295925928,229682.64795925928,251338.05015925926,273197.95507925923,276823.8493792592,258707.87037925926,221750.8869792593,168263.43935125927,166904.15135125926,165923.09135125927,165671.12335125927,171170.66335125928,181483.03035125928,208910.57615125924,228477.51063525924,247451.50825925922,262604.5682592592,0.0
0.0,174031.31927925927,174980.44627925928,173482.8632792593,175037.2962792593,175135.40917925927,198134.18517925925,207922.02231125924,220711.69907925924,224700.84307925924,225428.85737925925,207312.87837925923,208680.61327925927,208565.78527925926,207206.49727925926,206225.43727925926,205973.46927925927,211473.00927925928,221785.37627925928,261198.40427925927,254188.0327792593,225329.2541832592,225428.85737925925,207312.87837925923,202912.5432792593,202797.71527925928,199044.6462792593,198494.8522792593,199295.8562792593,187806.82527925927,212916.63927925928,255441.04427925928,265557.3312792593,273197.95507925923,260909.80777925925,210839.16948325923,186269.93657925926,176129.77595925928,174770.48795925928,173789.42795925928,171346.33595925928,176845.87595925928,194040.80095925927,229682.64795925928,252519.72415925923,273197.95507925923,276823.8493792592,258707.87037925926,221750.8869792593,168263.43935125927,166904.15135125926,165923.09135125927,165671.12335125927,171170.66335125928,181483.03035125928,208910.57615125924,224155.90433525926,247536.25825925922,262604.5682592592,0.0
0.0,174031.31927925927,174487.1862792593,175481.8362792593,175037.2962792593,176105.08713925927,195881.85747925926,211441.78413125925,220711.69907925924,224700.84307925924,225428.85737925925,207312.87837925923,208680.61327925927,208565.78527925926,204816.49627925927,204252.21227925929,205053.21627925927,194319.98796325922,219429.80196325923,261198.40427925927,252523.97447925922,226756.5941832592,225428.85737925925,207312.87837925923,202912.5432792593,202797.71527925928,201438.42727925928,200468.07727925928,200216.10927925928,205715.6492792593,219799.19727925927,255441.04427925928,267730.94447925925,273197.95507925923,260909.80777925925,210839.16948325923,186269.93657925926,176129.77595925928,174770.48795925928,173789.42795925928,171346.33595925928,176845.87595925928,194040.80095925927,229682.64795925928,251338.05015925926,261755.53937925922,276823.8493792592,258707.87037925926,221750.8869792593,168263.43935125927,166904.15135125926,163990.24235125928,163485.59335125927,162262.41035125928,181483.03035125928,208910.57615125924,228477.51063525924,249463.51825925923,262604.5682592592,0.0
0.0,174765.3882792593,175567.6062792593,175481.8362792593,171458.2662792593,176951.3562792593,198134.18517925925,207922.02231125924,220711.69907925924,224700.84307925924,225428.85737925925,207312.87837925923,208680.61327925927,208565.78527925926,207206.49727925926,206225.43727925926,205973.46927925927,211473.00927925928,225556.55727925926,261198.40427925927,254188.0327792593,225329.2541832592,225428.85737925925,207312.87837925923,202912.5432792593,202797.71527925928,201438.42727925928,200468.07727925928,200216.10927925928,205715.6492792593,219799.19727925927,255441.04427925928,269684.1176792592,245841.49777925925,260909.80777925925,210839.16948325923,186269.93657925926,176129.77595925928,174770.48795925928,174042.1089592593,173537.4599592593,170792.31995925927,194040.80095925927,229682.64795925928,251338.05015925926,273197.95507925923,276823.8493792592,258707.87037925926,221750.8869792593,168263.43935125927,164138.8063512593,160040.0173512593,160979.6893512593,156373.21635125927,168103.48175125927,208910.57615125924,228477.51063525924,249463.51825925923,262604.5682592592,0.0
0.0,174765.3882792593,175567.6062792593,175481.8362792593,175037.2962792593,175674.93627925924,198134.18517925925,211441.78413125925,220711.69907925924,224492.79307925922,225428.85737925925,207312.87837925923,208680.61327925927,208565.78527925926,207206.49727925926,206225.43727925926,205973.46927925927,211473.00927925928,225556.55727925926,261198.40427925927,249643.28967925927,210360.54737925925,225428.85737925925,207312.87837925923,202912.5432792593,202797.71527925928,201438.42727925928,200312.30227925928,199295.8562792593,198883.5592792593,219799.19727925927,255441.04427925928,269684.1176792592,273197.95507925923,260909.80777925925,210839.16948325923,186269.93657925926,176129.77595925928,173300.73995925928,172597.7879592593,173537.4599592593,170078.35895925926,194040.80095925927,229682.64795925928,255649.4624592593,273197.95507925923,276823.8493792592,258707.87037925926,221750.8869792593,168263.43935125927,156458.33925925926,157071.29125925928,155393.2193512593,135990.88815125922,165822.65315125923,208910.57615125924,228477.51063525924,249463.51825925923,262604.5682592592,0.0
0.0,174765.3882792593,175427.9262792593,175481.8362792593,175037.2962792593,175674.93627925924,198134.18517925925,211441.78413125925,220711.69907925924,224492.79307925922,225428.85737925925,207312.87837925923,208680.61327925927,208565.78527925926,207206.49727925926,205557.86527925928,205053.21627925927,204640.91927925928,225556.55727925926,261198.40427925927,252523.97447925922,226756.5941832592,225428.85737925925,207312.87837925923,202912.5432792593,202797.71527925928,199044.6462792593,198356.1842792593,199295.8562792593,195836.75527925926,219799.19727925927,255441.04427925928,269684.1176792592,273197.95507925923,260909.80777925925,210839.16948325923,186269.93657925926,176129.77595925928,158123.2059592593,160676.7159592593,160665.8039592593,158607.98695925926,180621.1799592593,229682.64795925928,251338.05015925926,273197.95507925923,276823.8493792592,258707.87037925926,221750.8869792593,168263.43935125927,166025.78135125927,160757.7293512593,160979.6893512593,162658.2493512593,181483.03035125928,208910.57615125924,225797.44393525925,249966.88825925923,262604.5682592592,0.0
0.0,174765.3882792593,175567.6062792593,175481.8362792593,170307.97713925928,176951.3562792593,198134.18517925925,207922.02231125924,220711.69907925924,224700.84307925924,225428.85737925925,207312.87837925923,208680.61327925927,208565.78527925926,206186.57527925927,204113.54427925928,205053.21627925927,201594.11527925925,225556.55727925926,261198.40427925927,254188.0327792593,225329.2541832592,225428.85737925925,207312.87837925923,202912.5432792593,202797.71527925928,187435.56727925933,189949.1172792593,189938.2052792593,184366.38327925926,206379.5762792593,255441.04427925928,269684.1176792592,273197.95507925923,260909.80777925925,210839.16948325923,186269.93657925926,176129.77595925928,173892.11795925928,173315.4999592593,173537.4599592593,175216.01995925928,189504.97395925928,229682.64795925928,252519.72415925923,264186.1693792592,276823.8493792592,258707.87037925926,221750.8869792593,168263.43935125927,168116.28435125927,167213.13435125927,167027.72335125928,171170.66335125928,181483.03035125928,208910.57615125924,225797.44393525925,249717.6182592592,262604.5682592592,0.0
0.0,174765.3882792593,175567.6062792593,172244.45727925928,171458.2662792593,176951.3562792593,198134.18517925925,207922.02231125924,220711.69907925924,224700.84307925924,225428.85737925925,207312.87837925923,208680.61327925927,208565.78527925926,193152.9672792593,195706.4772792593,195695.5652792593,190123.74327925924,213311.2472792593,261198.40427925927,252523.97447925922,225329.2541832592,225428.85737925925,207312.87837925923,202912.5432792593,202797.71527925928,200582.88727925927,199073.8962792593,199295.8562792593,200974.41627925928,216028.0162792593,255441.04427925928,267730.94447925925,260276.07937925926,260909.80777925925,210839.16948325923,186269.93657925926,176129.77595925928,174770.48795925928,173789.42795925928,172702.93595925928,176845.87595925928,195826.46295925928,229682.64795925928,252519.72415925923,273197.95507925923,276823.8493792592,258707.87037925926,221750.8869792593,168263.43935125927,166904.15135125926,163990.24235125928,163485.59335125927,163569.92835125927,181483.03035125928,208910.57615125924,228477.51063525924,249717.6182592592,262604.5682592592,0.0
0.0,174765.3882792593,172565.9672792593,172244.45727925928,169988.78677925924,172327.40127925924,197274.98917925925,207922.02231125924,220711.69907925924,224700.84307925924,225428.85737925925,207312.87837925923,208680.61327925927,208565.78527925926,206328.12727925926,204831.25627925928,205053.21627925927,206731.77627925927,221785.37627925928,261198.40427925927,252523.97447925922,221307.89361125923,225428.85737925925,207312.87837925923,202912.5432792593,202797.71527925928,202645.73027925927,201758.12027925928,201572.7092792593,205715.6492792593,221584.85927925928,255441.04427925928,267730.94447925925,273197.95507925923,260909.80777925925,210839.16948325923,186269.93657925926,176129.77595925928,174855.8589592593,174042.1089592593,173537.4599592593,175216.01995925928,195826.46295925928,229682.64795925928,251338.05015925926,273197.95507925923,276823.8493792592,258707.87037925926,221750.8869792593,168263.43935125927,164803.99235125928,163990.24235125928,161151.65835125928,162658.2493512593,181483.03035125928,208910.57615125924,228477.51063525924,251849.1782592592,262604.5682592592,0.0
0.0,174765.3882792593,175567.6062792593,175481.8362792593,171458.2662792593,176951.3562792593,198134.18517925925,207922.02231125924,220711.69907925924,218177.64897925925,225428.85737925925,207312.87837925923,208680.61327925927,208565.78527925926,208418.63027925926,207515.48027925927,207330.06927925927,211473.00927925928,227342.21927925927,261198.40427925927,249643.28967925927,225329.2541832592,225428.85737925925,207312.87837925923,202912.5432792593,202797.71527925928,201438.42727925928,199800.5052792593,199295.8562792593,200974.41627925928,219799.19727925927,255441.04427925928,269684.1176792592,273197.95507925923,260909.80777925925,210839.16948325923,186269.93657925926,176129.77595925928,174855.8589592593,174042.1089592593,173537.4599592593,175216.01995925928,195826.46295925928,229682.64795925928,252519.72415925923,273197.95507925923,276823.8493792592,258707.87037925926,221750.8869792593,168263.43935125927,162444.79235125927,160040.0173512593,160979.6893512593,147423.04725125927,168048.95925125928,208910.57615125924,228477.51063525924,249463.51825925923,262604.5682592592,0.0
0.0,174765.3882792593,175567.6062792593,173482.8632792593,175037.2962792593,176951.3562792593,191604.93827925925,211441.78413125925,220711.69907925924,224700.84307925924,225428.85737925925,207312.87837925923,208680.61327925927,208565.78527925926,207206.49727925926,205557.86527925928,205053.21627925927,206731.77627925927,227342.21927925927,261198.40427925927,254188.0327792593,225329.2541832592,225428.85737925925,207312.87837925923,202912.5432792593,202797.71527925928,199044.6462792593,199800.5052792593,199295.8562792593,200974.41627925928,216028.0162792593,255441.04427925928,269684.1176792592,273197.95507925923,260909.80777925925,210839.16948325923,186269.93657925926,176129.77595925928,173300.73995925928,172597.7879592593,173537.4599592593,170078.35895925926,189463.89895925927,229682.64795925928,255649.4624592593,273197.95507925923,276823.8493792592,258707.87037925926,221750.8869792593,168263.43935125927,163614.16635125928,163990.24235125928,160979.6893512593,156373.21635125927,181483.03035125928,208910.57615125924,228477.51063525924,249463.51825925923,262604.5682592592,0.0
0.0,175023.7162792593,175892.9562792593,175481.8362792593,171458.2662792593,176951.3562792593,197274.98917925925,211441.78413125925,220711.69907925924,224492.79307925922,225428.85737925925,208253.58827925927,208680.61327925927,208565.78527925926,206371.61527925928,205557.86527925928,205053.21627925927,206731.77627925927,227342.21927925927,261198.40427925927,254188.0327792593,226756.5941832592,225428.85737925925,207312.87837925923,202912.5432792593,202797.71527925928,199044.6462792593,198356.1842792593,199295.8562792593,195836.75527925926,215222.29527925927,255441.04427925928,269684.1176792592,273197.95507925923,260909.80777925925,210839.16948325923,186269.93657925926,176129.77595925928,173300.73995925928,174042.1089592593,173537.4599592593,170078.35895925926,186594.72495925927,229682.64795925928,255649.4624592593,273197.95507925923,276823.8493792592,258707.87037925926,221750.8869792593,168263.43935125927,164283.36435125925,165570.75435125927,167027.72335125928,171170.66335125928,181483.03035125928,208910.57615125924,228477.51063525924,249463.51825925923,262604.5682592592,0.0
0.0,175023.7162792593,175892.9562792593,172731.6402792593,175037.2962792593,175674.93627925924,198134.18517925925,211441.78413125925,220711.69907925924,224700.84307925924,225428.85737925925,207312.87837925923,208680.61327925927,208565.78527925926,204816.49627925927,204113.54427925928,205053.21627925927,201594.11527925925,220979.65527925926,261198.40427925927,254188.0327792593,225329.2541832592,225428.85737925925,207312.87837925923,202912.5432792593,202797.71527925928,199044.6462792593,199800.5052792593,199295.8562792593,195836.75527925926,212353.12127925927,255441.04427925928,269684.1176792592,273197.95507925923,260909.80777925925,210839.16948325923,186269.93657925926,176129.77595925928,173300.73995925928,174042.1089592593,171346.33595925928,176845.87595925928,192394.1739592593,229682.64795925928,255649.4624592593,273197.95507925923,276823.8493792592,258707.87037925926,221750.8869792593,168263.43935125927,164138.8063512593,160040.0173512593,153767.37925925927,152907.3853512593,168048.95925125928,208910.57615125924,228477.51063525924,249463.51825925923,262604.5682592592,0.0
0.0,175023.7162792593,172565.9672792593,172244.45727925928,171458.2662792593,176951.3562792593,197274.98917925925,211441.78413125925,220711.69907925924,224700.84307925924,225428.85737925925,207312.87837925923,208680.61327925927,208565.78527925926,206186.57527925927,205557.86527925928,205053.21627925927,201594.11527925925,219429.80196325923,261198.40427925927,254188.0327792593,225329.2541832592,225428.85737925925,207312.87837925923,202912.5432792593,202797.71527925928,199044.6462792593,199800.5052792593,200216.10927925928,205715.6492792593,219799.19727925927,255441.04427925928,269684.1176792592,273197.95507925923,260909.80777925925,210839.16948325923,186269.93657925926,176129.77595925928,173300.73995925928,172597.7879592593,169904.60695925928,176928.0569592593,195826.46295925928,229682.64795925928,255649.4624592593,273197.95507925923,276823.8493792592,258707.87037925926,221750.8869792593,168263.43935125927,166904.15135125926,165522.23935125928,167027.72335125928,163009.32435125927,181483.03035125928,208910.57615125924,225797.44393525925,249463.51825925923,262604.5682592592,0.0
0.0,175023.7162792593,175148.8662792593,172166.2442792593,171458.2662792593,177100.49917925926,198134.18517925925,211441.78413125925,220711.69907925924,224700.84307925924,225428.85737925925,207312.87837925923,208680.61327925927,208565.78527925926,206371.61527925928,205557.86527925928,205973.46927925927,211473.00927925928,223909.93027925928,261198.40427925927,254188.0327792593,226756.5941832592,225428.85737925925,207312.87837925923,202912.5432792593,202797.71527925928,199044.6462792593,198356.1842792593,195663.00327925928,202686.4532792593,221584.85927925928,255441.04427925928,269684.1176792592,273197.95507925923,260909.80777925925,210839.16948325923,186269.93657925926,176129.77595925928,174770.48795925928,174042.1089592593,173537.4599592593,176928.0569592593,194040.80095925927,229682.64795925928,251338.05015925926,273197.95507925923,276823.8493792592,258707.87037925926,221750.8869792593,168445.9663512593,168498.1393512593,168617.6593512593,167962.13335125928,171170.66335125928,176214.07015125925,208910.57615125924,224155.90433525926,249966.88825925923,260798.59595925928,0.0
0.0,175023.7162792593,175892.9562792593,175481.8362792593,175037.2962792593,176105.08713925927,198134.18517925925,207922.02231125924,220711.69907925924,224700.84307925924,225428.85737925925,207312.87837925923,208680.61327925927,208565.78527925926,206371.61527925928,204113.54427925928,201420.36327925927,208443.81327925928,227342.21927925927,261198.40427925927,254188.0327792593,225329.2541832592,225428.85737925925,207312.87837925923,202912.5432792593,202797.71527925928,201438.42727925928,199800.5052792593,199295.8562792593,202686.4532792593,219799.19727925927,255441.04427925928,269684.1176792592,273197.95507925923,260909.80777925925,210839.16948325923,186269.93657925926,176129.77595925928,174770.48795925928,174292.8719592593,173637.34595925928,176845.87595925928,196986.1419592593,229682.64795925928,251338.05015925926,264186.1693792592,276823.8493792592,221323.8619792593,221750.8869792593,168263.43935125927,168116.28435125927,165767.31635125927,160979.6893512593,162658.2493512593,176214.07015125925,208910.57615125924,228477.51063525924,249463.51825925923,262604.5682592592,0.0
0.0,175023.7162792593,175892.9562792593,172988.19627925928,175037.2962792593,177100.49917925926,197274.98917925925,207922.02231125924,220711.69907925924,224700.84307925924,225428.85737925925,207312.87837925923,208680.61327925927,208565.78527925926,207206.49727925926,205557.86527925928,205053.21627925927,208443.81327925928,225556.55727925926,261198.40427925927,252523.97447925922,225329.2541832592,225428.85737925925,207312.87837925923,202912.5432792593,203043.9022792593,203096.0752792593,203162.6452792593,202507.1192792593,205715.6492792593,222744.5382792593,255441.04427925928,265557.3312792593,248272.12777925926,260909.80777925925,185842.91157925926,186269.93657925926,176129.77595925928,174692.57795925927,174066.81995925927,173637.34595925928,177674.22695925928,196986.1419592593,229682.64795925928,255649.4624592593,273197.95507925923,276823.8493792592,258707.87037925926,221750.8869792593,168580.7613512593,169203.7993512593,168617.6593512593,167027.72335125928,171170.66335125928,181483.03035125928,208910.57615125924,228477.51063525924,249717.6182592592,262604.5682592592,0.0
0.0,175023.7162792593,175892.9562792593,172988.19627925928,171458.2662792593,177100.49917925926,198134.18517925925,207922.02231125924,220711.69907925924,224700.84307925924,225428.85737925925,207312.87837925923,208680.61327925927,208748.3122792593,208800.4852792593,208920.0052792593,208264.47927925928,211473.00927925928,228501.89827925927,261198.40427925927,249643.28967925927,212791.17737925926,225428.85737925925,202485.5182792593,202912.5432792593,202797.71527925928,203457.4832792593,202936.59327925928,202507.1192792593,203432.62327925928,222744.5382792593,255441.04427925928,269684.1176792592,273197.95507925923,260909.80777925925,210839.16948325923,186269.93657925926,176129.77595925928,174770.48795925928,174042.1089592593,172702.93595925928,177674.22695925928,196986.1419592593,229682.64795925928,255649.4624592593,273197.95507925923,276823.8493792592,258707.87037925926,221750.8869792593,168445.9663512593,169203.7993512593,167715.43535125928,167962.13335125928,163569.92835125927,181483.03035125928,208910.57615125924,228477.51063525924,251849.1782592592,262604.5682592592,0.0
0.0,175023.7162792593,175892.9562792593,173482.8632792593,170307.97713925928,173957.19217925926,191604.93827925925,207922.02231125924,220454.68827925922,218177.64897925925,225428.85737925925,207312.87837925923,208680.61327925927,208565.78527925926,208418.63027925926,205557.86527925928,205053.21627925927,209189.98327925926,228501.89827925927,261198.40427925927,254188.0327792593,225329.2541832592,225428.85737925925,207312.87837925923,202912.5432792593,203043.9022792593,203096.0752792593,201758.12027925928,201572.7092792593,205715.6492792593,222744.5382792593,255441.04427925928,269684.1176792592,273197.95507925923,260909.80777925925,210839.16948325923,186269.93657925926,176129.77595925928,174628.2489592593,174066.81995925927,173637.34595925928,176928.0569592593,194040.80095925927,229682.64795925928,255649.4624592593,273197.95507925923,276823.8493792592,258707.87037925926,221750.8869792593,168263.43935125927,167689.18535125928,167715.43535125928,167962.13335125928,163009.32435125927,181483.03035125928,208910.57615125924,228477.51063525924,251849.1782592592,262604.5682592592,0.0
0.0,175023.7162792593,175892.9562792593,174124.6872792593,175037.2962792593,177100.49917925926,198134.18517925925,207922.02231125924,220711.69907925924,224700.84307925924,225428.85737925925,207312.87837925923,208680.61327925927,208748.3122792593,208168.12327925928,207581.98327925926,208264.47927925928,211473.00927925928,228501.89827925927,261198.40427925927,254188.0327792593,225329.2541832592,225428.85737925925,207312.87837925923,202912.5432792593,203043.9022792593,202935.90327925928,202936.59327925928,202507.1192792593,202686.4532792593,219799.19727925927,255441.04427925928,269684.1176792592,273197.95507925923,260909.80777925925,210839.16948325923,186269.93657925926,176129.77595925928,174040.56995925927,174066.81995925927,173637.34595925928,177674.22695925928,195826.46295925928,229682.64795925928,252519.72415925923,273197.95507925923,276823.8493792592,258707.87037925926,221750.8869792593,168263.43935125927,169203.7993512593,167715.43535125928,163817.24335125927,171170.66335125928,181483.03035125928,208910.57615125924,228477.51063525924,251849.1782592592,262604.5682592592,0.0
0.0,175023.7162792593,175460.9152792593,175581.0052792593,175037.2962792593,176951.3562792593,198134.18517925925,207922.02231125924,220711.69907925924,224492.79307925922,225428.85737925925,207312.87837925923,208680.61327925927,208565.78527925926,208168.12327925928,208017.78127925927,208264.47927925928,208443.81327925928,225556.55727925926,261198.40427925927,254188.0327792593,226756.5941832592,225428.85737925925,207312.87837925923,202912.5432792593,202797.71527925928,202935.90327925928,202936.59327925928,202507.1192792593,203432.62327925928,221584.85927925928,255441.04427925928,267730.94447925925,273197.95507925923,260909.80777925925,210839.16948325923,186269.93657925926,176129.77595925928,174770.48795925928,174066.81995925927,173637.34595925928,177674.22695925928,194040.80095925927,229682.64795925928,255649.4624592593,273197.95507925923,276823.8493792592,258707.87037925926,221750.8869792593,168263.43935125927,165990.26935125928,165522.23935125928,167962.13335125928,149511.72415125926,176214.07015125925,208910.57615125924,228477.51063525924,251849.1782592592,262604.5682592592,0.0
0.0,175023.7162792593,175892.9562792593,175481.8362792593,175037.2962792593,177100.49917925926,198134.18517925925,207922.02231125924,220711.69907925924,224700.84307925924,225428.85737925925,207312.87837925923,208680.61327925927,208565.78527925926,207991.53127925927,208017.78127925927,208264.47927925928,209189.98327925926,227342.21927925927,261198.40427925927,254188.0327792593,226756.5941832592,225428.85737925925,207312.87837925923,202912.5432792593,202797.71527925928,202935.90327925928,202936.59327925928,202507.1192792593,205715.6492792593,219799.19727925927,255441.04427925928,269684.1176792592,273197.95507925923,260909.80777925925,210839.16948325923,186269.93657925926,176129.77595925928,174534.84995925927,174066.81995925927,173637.34595925928,170283.7959592593,196986.1419592593,229682.64795925928,255649.4624592593,273197.95507925923,276823.8493792592,258707.87037925926,221750.8869792593,168445.9663512593,167608.42535125927,167715.43535125928,161563.32435125927,163009.32435125927,173268.72915125923,208910.57615125924,228477.51063525924,249615.70825925923,262604.5682592592,0.0
0.0,175023.7162792593,175892.9562792593,174124.6872792593,175037.2962792593,177100.49917925926,196400.10717925924,211441.78413125925,220711.69907925924,224700.84307925924,225428.85737925925,207312.87837925923,208680.61327925927,208565.78527925926,208168.12327925928,208017.78127925927,208264.47927925928,211473.00927925928,225556.55727925926,261198.40427925927,254188.0327792593,225329.2541832592,225428.85737925925,207312.87837925923,202912.5432792593,202837.9972792593,203421.6032792593,202936.59327925928,202507.1192792593,196042.1922792593,222744.5382792593,255441.04427925928,269684.1176792592,273197.95507925923,260909.80777925925,210839.16948325923,186269.93657925926,176129.77595925928,176133.43095925928,176240.4409592593,176228.22695925928,177674.22695925928,195826.46295925928,229682.64795925928,255649.4624592593,273197.95507925923,276823.8493792592,258707.87037925926,221750.8869792593,168807.6503512593,169203.7993512593,168303.00035125928,168275.81335125928,171170.66335125928,181483.03035125928,208910.57615125924,228477.51063525924,251849.1782592592,262604.5682592592,0.0
0.0,175023.7162792593,175892.9562792593,175581.0052792593,170117.86713925927,175674.93627925924,198134.18517925925,211441.78413125925,220711.69907925924,224492.79307925922,225428.85737925925,208253.58827925927,208680.61327925927,208565.78527925926,206371.61527925928,205482.69027925926,208264.47927925928,201799.55227925928,228501.89827925927,261198.40427925927,254188.0327792593,225329.2541832592,225428.85737925925,207312.87837925923,202912.5432792593,203043.9022792593,203421.6032792593,202936.59327925928,201986.62327925928,203432.62327925928,221584.85927925928,255441.04427925928,269684.1176792592,273197.95507925923,260909.80777925925,210839.16948325923,186269.93657925926,179317.42495925928,179713.5739592593,179423.0839592593,179395.8969592593,182290.7469592593,196986.1419592593,229682.64795925928,255649.4624592593,273197.95507925923,276823.8493792592,258707.87037925926,221750.8869792593,168807.6503512593,169203.7993512593,168303.00035125928,168275.81335125928,171170.66335125928,181483.03035125928,208910.57615125924,228274.9492592592,251849.1782592592,262604.5682592592,0.0
0.0,175023.7162792593,175892.9562792593,174124.6872792593,171458.2662792593,172327.40127925924,197274.98917925925,207922.02231125924,220711.69907925924,224700.84307925924,225428.85737925925,207312.87837925923,208680.61327925927,208565.78527925926,207910.77127925926,208017.78127925927,207743.98327925926,209189.98327925926,227342.21927925927,261198.40427925927,254188.0327792593,225329.2541832592,225428.85737925925,207312.87837925923,204035.04127925928,205096.10127925928,205492.2502792593,205181.4802792593,205154.2932792593,208049.1432792593,222744.5382792593,255441.04427925928,269684.1176792592,273197.95507925923,260909.80777925925,210839.16948325923,186269.93657925926,179317.42495925928,179713.5739592593,178619.2229592593,179395.8969592593,176845.87595925928,192394.1739592593,229682.64795925928,251338.05015925926,273197.95507925923,276823.8493792592,258707.87037925926,221750.8869792593,168807.6503512593,169203.7993512593,168303.00035125928,163817.24335125927,163009.32435125927,181483.03035125928,208910.57615125924,226211.8372592592,248192.35825925923,262604.5682592592,0.0
0.0,175057.9402792593,175892.9562792593,175481.8362792593,171458.2662792593,177100.49917925926,198134.18517925925,211441.78413125925,220711.69907925924,224700.84307925924,225428.85737925925,207312.87837925923,209772.12127925927,210833.18127925927,211229.33027925927,210938.84027925928,210911.65327925928,213806.50327925928,228501.89827925927,261198.40427925927,254188.0327792593,225329.2541832592,225428.85737925925,207312.87837925923,204899.56927925927,205096.10127925928,205492.2502792593,204377.6192792593,205154.2932792593,205715.6492792593,218152.5702792593,255441.04427925928,265557.3312792593,273197.95507925923,260909.80777925925,210839.16948325923,186269.93657925926,179317.42495925928,179713.5739592593,175819.8019592593,176228.22695925928,176928.0569592593,195826.46295925928,229682.64795925928,252519.72415925923,273197.95507925923,276823.8493792592,258707.87037925926,221750.8869792593,168807.6503512593,167798.6403512593,166699.77335125927,168275.81335125928,152907.3853512593,176214.07015125925,208910.57615125924,228477.51063525924,249463.51825925923,262604.5682592592,0.0
0.0,175121.11327925927,175902.99527925928,175581.0052792593,175037.2962792593,176951.3562792593,195881.85747925926,207922.02231125924,220711.69907925924,224492.79307925922,225428.85737925925,207566.81227925926,210636.64927925926,210833.18127925927,211229.33027925927,210134.97927925928,210911.65327925928,211473.00927925928,223909.93027925928,261198.40427925927,252523.97447925922,225329.2541832592,225428.85737925925,207312.87837925923,204035.04127925928,205096.10127925928,205492.2502792593,202260.4212792593,202507.1192792593,202686.4532792593,218152.5702792593,255441.04427925928,267730.94447925925,273197.95507925923,260909.80777925925,210839.16948325923,186269.93657925926,179317.42495925928,176133.43095925928,174066.81995925927,173637.34595925928,171190.1119592593,196986.1419592593,229682.64795925928,255649.4624592593,273197.95507925923,276823.8493792592,258707.87037925926,221750.8869792593,168807.6503512593,169203.7993512593,167715.43535125928,167962.13335125928,163009.32435125927,181483.03035125928,208910.57615125924,228477.51063525924,249463.51825925923,262604.5682592592,0.0
0.0,175121.11327925927,175902.99527925928,175581.0052792593,175037.2962792593,176951.3562792593,198134.18517925925,211441.78413125925,220711.69907925924,224492.79307925922,225428.85737925925,207312.87837925923,209772.12127925927,210833.18127925927,211229.33027925927,208017.78127925927,208264.47927925928,208443.81327925928,223909.93027925928,261198.40427925927,249877.68067925927,226756.5941832592,225428.85737925925,207312.87837925923,204035.04127925928,205096.10127925928,203421.6032792593,202936.59327925928,202507.1192792593,196948.5082792593,222744.5382792593,255441.04427925928,269684.1176792592,273197.95507925923,260909.80777925925,210839.16948325923,186269.93657925926,179317.42495925928,176133.43095925928,176240.4409592593,176228.22695925928,176928.0569592593,192394.1739592593,229682.64795925928,255649.4624592593,273197.95507925923,276823.8493792592,258707.87037925926,221750.8869792593,168807.6503512593,168604.11035125927,168303.00035125928,167962.13335125928,163009.32435125927,181483.03035125928,208910.57615125924,226211.8372592592,249132.10825925923,262604.5682592592,0.0
0.0,175121.11327925927,175902.99527925928,175481.8362792593,175037.2962792593,177100.49917925926,198134.18517925925,207922.02231125924,220711.69907925924,224700.84307925924,225428.85737925925,207312.87837925923,209772.12127925927,210833.18127925927,207910.77127925926,206688.43927925927,208264.47927925928,202705.86827925927,228501.89827925927,261198.40427925927,254188.0327792593,225329.2541832592,225428.85737925925,207312.87837925923,204035.04127925928,205096.10127925928,202825.83327925927,202936.59327925928,202507.1192792593,202686.4532792593,218152.5702792593,255441.04427925928,269684.1176792592,273197.95507925923,260909.80777925925,210839.16948325923,186269.93657925926,179317.42495925928,179713.5739592593,178619.2229592593,173537.4599592593,176928.0569592593,192394.1739592593,229682.64795925928,255649.4624592593,273197.95507925923,276823.8493792592,258707.87037925926,221750.8869792593,168807.6503512593,169203.7993512593,168303.00035125928,167962.13335125928,163009.32435125927,181483.03035125928,208910.57615125924,224155.90433525926,249966.88825925923,262604.5682592592,0.0
0.0,175121.11327925927,175892.9562792593,174124.6872792593,172283.48917925925,177100.49917925926,184160.96617925924,211441.78413125925,220711.69907925924,224700.84307925924,225428.85737925925,207312.87837925923,209772.12127925927,210833.18127925927,208168.12327925928,208017.78127925927,208264.47927925928,208443.81327925928,223909.93027925928,261198.40427925927,254188.0327792593,226756.5941832592,225428.85737925925,207312.87837925923,204094.28927925928,205096.10127925928,205492.2502792593,202260.4212792593,199909.5992792593,202686.4532792593,218152.5702792593,255441.04427925928,269684.1176792592,273197.95507925923,260909.80777925925,210839.16948325923,186269.93657925926,179317.42495925928,179713.5739592593,174042.1089592593,174933.7769592593,176928.0569592593,195826.46295925928,229682.64795925928,251338.05015925926,264186.1693792592,276823.8493792592,258707.87037925926,221750.8869792593,168807.6503512593,168604.11035125927,167715.43535125928,164018.99335125927,163009.32435125927,181483.03035125928,208910.57615125924,225378.03025925922,249966.88825925923,262604.5682592592,0.0
0.0,175121.11327925927,175892.9562792593,175481.8362792593,175037.2962792593,177100.49917925926,198134.18517925925,207922.02231125924,220711.69907925924,224700.84307925924,225428.85737925925,207312.87837925923,209831.36927925926,210833.18127925927,211229.33027925927,210134.97927925928,205666.9592792593,208443.81327925928,223909.93027925928,261198.40427925927,254188.0327792593,226756.5941832592,225428.85737925925,207312.87837925923,204094.28927925928,205096.10127925928,205492.2502792593,202260.4212792593,202507.1192792593,202686.4532792593,219799.19727925927,255441.04427925928,265557.3312792593,248272.12777925926,260909.80777925925,210839.16948325923,186269.93657925926,179317.42495925928,179713.5739592593,177337.2179592593,179395.8969592593,177674.22695925928,194040.80095925927,229682.64795925928,251338.05015925926,264186.1693792592,276823.8493792592,258707.87037925926,221750.8869792593,168807.6503512593,169203.7993512593,168303.00035125928,164018.99335125927,163009.32435125927,181483.03035125928,208910.57615125924,228477.51063525924,249480.07825925923,262604.5682592592,0.0
0.0,175121.11327925927,175902.99527925928,175581.0052792593,175037.2962792593,177100.49917925926,198134.18517925925,207922.02231125924,220711.69907925924,224700.84307925924,225428.85737925925,207312.87837925923,209831.36927925926,210833.18127925927,211229.33027925927,208017.78127925927,208264.47927925928,208443.81327925928,227342.21927925927,261198.40427925927,249643.28967925927,212791.17737925926,225428.85737925925,207312.87837925923,204094.28927925928,205096.10127925928,205492.2502792593,203095.6142792593,205154.2932792593,203432.62327925928,219799.19727925927,255441.04427925928,265557.3312792593,258039.78107925926,260909.80777925925,210839.16948325923,186269.93657925926,179317.42495925928,179713.5739592593,177337.2179592593,173537.4599592593,177674.22695925928,192394.1739592593,229682.64795925928,255649.4624592593,273197.95507925923,276823.8493792592,258707.87037925926,221750.8869792593,168807.6503512593,169203.7993512593,167862.1273512593,167962.13335125928,163009.32435125927,181483.03035125928,208910.57615125924,228477.51063525924,251849.1782592592,262604.5682592592,0.0
0.0,175121.11327925927,175902.99527925928,175581.0052792593,175037.2962792593,177100.49917925926,198134.18517925925,207922.02231125924,220454.68827925922,218177.64897925925,225428.85737925925,208253.58827925927,209831.36927925926,210833.18127925927,211229.33027925927,208852.97427925927,210911.65327925928,209189.98327925926,225556.55727925926,261198.40427925927,249643.28967925927,221307.89361125923,225428.85737925925,207312.87837925923,204899.56927925927,205096.10127925928,205492.2502792593,203095.6142792593,199295.8562792593,203432.62327925928,218152.5702792593,255441.04427925928,269684.1176792592,273197.95507925923,260909.80777925925,210839.16948325923,186269.93657925926,179317.42495925928,178982.8409592593,179295.8909592593,179395.8969592593,177674.22695925928,194040.80095925927,229682.64795925928,255649.4624592593,273197.95507925923,276823.8493792592,258707.87037925926,221750.8869792593,168807.6503512593,169203.7993512593,168303.00035125928,167962.13335125928,171170.66335125928,181483.03035125928,208910.57615125924,228477.51063525924,249717.6182592592,262604.5682592592,0.0
0.0,175121.11327925927,175902.99527925928,175581.0052792593,173006.74627925927,176951.3562792593,198134.18517925925,211441.78413125925,220711.69907925924,224700.84307925924,225428.85737925925,208253.58827925927,209831.36927925926,210833.18127925927,211229.33027925927,208852.97427925927,205053.21627925927,209189.98327925926,223909.93027925928,261198.40427925927,254188.0327792593,225329.2541832592,225428.85737925925,207312.87837925923,204094.28927925928,205096.10127925928,204731.2472792593,205054.2872792593,205154.2932792593,203432.62327925928,219799.19727925927,255441.04427925928,269684.1176792592,273197.95507925923,260909.80777925925,210839.16948325923,186269.93657925926,179317.42495925928,179713.5739592593,179295.8909592593,179395.8969592593,176845.87595925928,195826.46295925928,229682.64795925928,255649.4624592593,273197.95507925923,276823.8493792592,258707.87037925926,221750.8869792593,168807.6503512593,168604.11035125927,167862.1273512593,163817.24335125927,163009.32435125927,181483.03035125928,208910.57615125924,226211.8372592592,249463.51825925923,262604.5682592592,0.0
0.0,175121.11327925927,175902.99527925928,175581.0052792593,173006.74627925927,177100.49917925926,198134.18517925925,207922.02231125924,220711.69907925924,224700.84307925924,225428.85737925925,207566.81227925926,209831.36927925926,210833.18127925927,210498.5972792593,210811.64727925928,210911.65327925928,209189.98327925926,225556.55727925926,261198.40427925927,254188.0327792593,226756.5941832592,225428.85737925925,207312.87837925923,204899.56927925927,205096.10127925928,205492.2502792593,205054.2872792593,205154.2932792593,205715.6492792593,221584.85927925928,255441.04427925928,269684.1176792592,273197.95507925923,260909.80777925925,210839.16948325923,186269.93657925926,179317.42495925928,179293.4909592593,179295.8909592593,179395.8969592593,177674.22695925928,195826.46295925928,229682.64795925928,255649.4624592593,273197.95507925923,276823.8493792592,258707.87037925926,221750.8869792593,168807.6503512593,167798.6403512593,166699.77335125927,161563.32435125927,150418.04015125925,176214.07015125925,208910.57615125924,228477.51063525924,249463.51825925923,262604.5682592592,0.0
0.0,175121.11327925927,175821.0652792593,175481.8362792593,175037.2962792593,177100.49917925926,198134.18517925925,211441.78413125925,220711.69907925924,224700.84307925924,225428.85737925925,207566.81227925926,209831.36927925926,210833.18127925927,211229.33027925927,210811.64727925928,210911.65327925928,211473.00927925928,227342.21927925927,261198.40427925927,254188.0327792593,225329.2541832592,225428.85737925925,207312.87837925923,204899.56927925927,205096.10127925928,205162.6772792593,205054.2872792593,205154.2932792593,203432.62327925928,221584.85927925928,255441.04427925928,269684.1176792592,273197.95507925923,260909.80777925925,210839.16948325923,186269.93657925926,179402.36095925927,178968.17495925928,178711.04495925928,176228.22695925928,171190.1119592593,196986.1419592593,229682.64795925928,255649.4624592593,273197.95507925923,276823.8493792592,258707.87037925926,221750.8869792593,169367.6963512593,169203.7993512593,168617.6593512593,168275.81335125928,171170.66335125928,181483.03035125928,208910.57615125924,228477.51063525924,249717.6182592592,262604.5682592592,0.0
0.0,175121.11327925927,175902.99527925928,175481.8362792593,175037.2962792593,176105.08713925927,198134.18517925925,211441.78413125925,220711.69907925924,224492.79307925922,225428.85737925925,207312.87837925923,210636.64927925926,210833.18127925927,210809.2472792593,210811.64727925928,210911.65327925928,209189.98327925926,227342.21927925927,261198.40427925927,254188.0327792593,225329.2541832592,225428.85737925925,207312.87837925923,204094.28927925928,205164.29727925928,204730.1112792593,204469.44127925928,201986.62327925928,196948.5082792593,222744.5382792593,255441.04427925928,269684.1176792592,273197.95507925923,260909.80777925925,210839.16948325923,186269.93657925926,179877.47095925928,179713.5739592593,179248.89495925928,179395.8969592593,176845.87595925928,196986.1419592593,229682.64795925928,255649.4624592593,273197.95507925923,276823.8493792592,258707.87037925926,221750.8869792593,169367.6963512593,168604.11035125927,167862.1273512593,161563.32435125927,162658.2493512593,176214.07015125925,208910.57615125924,228477.51063525924,249463.51825925923,262604.5682592592,0.0
0.0,175121.11327925927,175892.9562792593,175524.9262792593,175037.2962792593,177100.49917925926,198134.18517925925,207922.02231125924,220711.69907925924,224700.84307925924,225428.85737925925,207312.87837925923,209831.36927925926,210918.11727925926,210483.93127925927,210226.80127925926,207743.98327925926,202705.86827925927,228501.89827925927,261198.40427925927,254188.0327792593,225329.2541832592,225428.85737925925,207312.87837925923,204425.91127925928,205656.14727925928,205492.2502792593,205007.29127925928,205154.2932792593,205715.6492792593,222744.5382792593,255441.04427925928,269684.1176792592,273197.95507925923,260909.80777925925,210839.16948325923,186269.93657925926,179877.47095925928,178968.17495925928,179295.8909592593,176228.22695925928,179432.17495925928,196986.1419592593,229682.64795925928,255649.4624592593,273197.95507925923,276823.8493792592,258707.87037925926,221750.8869792593,169367.6963512593,169203.7993512593,168303.00035125928,164018.99335125927,164338.57335125929,181483.03035125928,208910.57615125924,228477.51063525924,249463.51825925923,262604.5682592592,0.0
0.0,175121.11327925927,175790.72627925928,175524.9262792593,172283.48917925925,172327.40127925924,197274.98917925925,207922.02231125924,220711.69907925924,224700.84307925924,225428.85737925925,207312.87837925923,210162.99127925927,211393.22727925927,211229.33027925927,210764.65127925927,210911.65327925928,211473.00927925928,228501.89827925927,261198.40427925927,252523.97447925922,225329.2541832592,225428.85737925925,207312.87837925923,204899.56927925927,205656.14727925928,204730.1112792593,205054.2872792593,201986.62327925928,205190.57127925928,222744.5382792593,255441.04427925928,269684.1176792592,273197.95507925923,260909.80777925925,210839.16948325923,186269.93657925926,179877.47095925928,179713.5739592593,179248.89495925928,176838.7449592593,179841.6849592593,196986.1419592593,229682.64795925928,255649.4624592593,273197.95507925923,276823.8493792592,258707.87037925926,221750.8869792593,169367.6963512593,167367.9373512593,166699.77335125927,161563.32435125927,154975.6433512593,176214.07015125925,208910.57615125924,228477.51063525924,249615.70825925923,262604.5682592592,0.0
