357977.6314262295,307752.8574262295,266103.30542622955,217782.36542622955,176183.4954262295,255535.1874262295,371992.0974262295,431317.29342622944,446370.2114262296,424565.7719448681,388583.29785299057,342078.9787424784,292709.96702663135,238030.5550266314,226068.9523798763,218698.1967057687,228427.22670576867,285273.5077057687,391847.3677057687,465860.67496234894,477870.3703703704,450717.84925483254,441680.8903123038,402114.23802119854,354799.8893654608,303227.7933654609,256714.16536546082,222221.30183554633,200908.68584130995,246954.62884130998,331574.7288413099,369228.1023574086,366033.49291034986,335900.2307191148,297804.51127037976,251507.09941054147,197089.34875480374,175997.104076053,175257.98807605304,155945.10897225677,151795.2271029907,231323.30910299066,350576.6391029907,447095.7281029906,477870.3703703704,473871.04401704785,446836.3138791169,405853.9420192786,357791.5943635408,305703.1003635408,305189.97236354084,261103.0525669403,232774.6591036375,295380.68537037045,387855.2053703705,451870.73237037036,477870.3703703704,463258.16932173853,435910.3081838074,404360.58
361473.38429883786,309340.0022988379,266666.23829883774,241508.6437265998,206229.57372659974,263075.85472659976,369649.7147265997,432385.68694805354,444567.66189243854,417021.4156772991,407984.4567347703,378701.95294921234,331687.5462333653,280115.45023336535,276537.8955640062,254153.9740557909,254610.72405579084,300656.6670557908,385276.76705579075,421447.402828701,411265.2687185406,375649.23760300264,337429.15766047395,292121.7053693687,237703.95471363104,185498.06371363104,144293.39107878666,116801.32262230689,99036.05662807058,178564.13862807056,297817.46862807055,394336.55762807064,421067.42285937205,427251.3475433265,398673.8370945916,393828.711547655,345766.3638919174,324740.78174021625,315107.39930084196,273332.08365778247,270792.52567039715,345238.0026703971,437712.5226703971,477870.3703703704,464176.44713258086,477232.5462325904,477870.3703703704,477870.37037037034,477870.3703703704,424759.8990072918,384134.6067168778,338926.7836335917,305044.10137441737,329870.2760050932,409159.3760050932,430051.88800509326,443744.15400509327,456030.3540050933,431738.72086716234,404360.57999999984
358627.2674262295,309601.20142622956,268278.0454262294,242724.43574237658,198398.65574237655,244444.59874237655,329064.6987423765,375838.69076153997,383901.6232620748,349847.48224100494,311627.40229847626,267315.8731879641,213198.06447211723,160992.1734721172,160253.0574721172,159052.9854721172,163057.0854721172,242585.1674721172,361838.49747211725,458357.5864721173,477870.3703703704,475969.0749694741,447422.20402694546,407429.79173584026,359367.44408010266,307278.9500801026,265729.7304894993,230950.11695958476,220694.36096534846,295139.8379653485,387614.3579653484,438051.6578396761,449626.3173703703,463202.0073703703,477870.3703703704,477870.37037037034,473919.5959195159,434668.9523430668,398675.8377338778,355779.6188041328,347685.77202087594,384878.146020876,464167.2460208761,477870.3703703704,449162.06183018594,436246.29625502677,411954.6631170957,378205.7578233553,357169.21063077106,320378.3971505701,318800.00915057014,274488.1620304568,236946.6803389431,282484.26237037027,394792.2923703703,461327.22037037037,477870.3703703704,474649.33855149767,442417.92341356666,404360.57999999984
358381.31342622946,308721.45242622955,267132.2964262295,228054.36335900286,187174.8033590029,266702.8853590029,385956.21535900293,453303.98650231597,472727.2295042172,448697.43660308275,418348.1585112053,379351.66940069327,331589.2636848463,279500.7696848464,278987.6416848464,256177.22849957726,267690.8384995773,342136.3154995773,434610.8354995774,477870.3703703704,470696.28157143976,463736.0215027964,476652.29212555365,435322.4498344485,385781.77417871094,332532.361178711,284775.84117871104,248840.2066487965,228711.1710880844,265903.54508808436,345192.6450880845,347524.42751418945,318816.1189740051,331102.3189740051,348826.90997400513,348068.4168231299,345119.0163012706,323175.073145185,298387.2055525388,256386.9625859666,244634.31637037027,299027.4123703703,411335.4423703703,477870.3703703704,452084.1528301858,459439.1929807802,446877.63709244813,437779.0754879623,425870.2404395947,378920.8098355791,366200.9274520958,319694.48573991447,288532.0961928961,332766.15421943663,392028.72421943664,428512.7792194365,444899.0692194365,445824.5657199878,426915.30758205685,404360.58
388677.8398157782,339135.3758157782,297725.30781577807,271790.59474042396,238233.73474042388,312679.2117404239,405153.7317404239,469169.2587404239,477870.37037037045,468812.12050903414,439952.1185665056,408890.15946366097,359649.4257478139,309219.86850050266,307503.27250050264,283571.95602854795,289270.3360285479,326462.7100285479,405751.81002854794,426644.322028548,403533.5445910522,393199.5454334254,367395.7714908967,329983.0291997915,280536.8725440538,227700.3795440538,180094.66754405378,144913.54201413924,124799.6960199029,179192.79201990287,291500.8220199028,348655.4269934131,336752.1463260334,348090.0679853769,357874.876985377,353750.1578996001,351350.47889960016,320042.09654045,289433.5238691648,245238.68631052453,239865.13223942366,289839.70523942367,349102.2752394237,385586.3302394237,359543.43269923923,345347.67050800414,326438.41237007314,292812.49051023484,274291.1678569975,248330.61343628727,250369.7974362873,228909.25093459061,202078.0663703704,314945.0983703704,416420.2483703704,462317.0813703704,477870.37037037045,467912.4856226138,434282.75348468276,404360.58
392168.9754822357,341465.59248223575,298905.34048223577,271976.9538811026,232823.3838811026,270015.7578811026,349304.8578811026,370197.3698811026,355139.0578811026,352272.41163299076,326468.63769046206,298862.3206718626,249716.10595601556,226506.33929505112,201026.85284014468,177991.51233136287,179647.03233136286,234040.1283313629,346348.158331363,412883.0863313629,393992.2810008816,386798.12974909396,353480.5325474139,305982.87025630876,251944.09460057112,197343.88760057112,148415.59560057113,111257.56907065667,96141.87307642034,146116.44607642037,205379.01607642038,225894.6832204056,204945.94358618103,223745.4386267777,246852.40462677774,252478.3099524061,251440.0806278903,239792.71878963057,241831.90278963064,202060.22830747775,195495.64655862452,308362.6785586245,409837.8285586246,455734.6615586246,442204.35827576637,413567.61608453136,379937.88394660037,339776.58208676206,318785.7152040837,283549.70663446106,282182.13063446106,254700.11221504677,215854.23155564305,267456.70755564305,392965.96755564306,448490.34655564313,474595.2605556432,456554.99836440815,432512.66722647706,404360.58
377602.86562802375,327312.40262802376,284902.7346280237,258494.13082292431,215298.2708229243,269691.3668229243,381999.3968229243,448534.3248229243,428213.5525534057,413057.51198754064,379313.95604501193,341606.70260409295,287867.8688882459,244647.24702038776,238297.99053045202,213068.05542960216,219721.72542960217,269696.2984296022,328958.8684296022,364867.0876578361,336930.82336050994,317252.29224497214,296830.89330244344,264194.93101133837,216925.16035560062,171228.0603556006,141937.01428959524,109646.2357596807,94846.7397654444,207713.77176544443,309188.92176544445,355085.75476544444,354755.88469378673,335300.7476813609,300264.542232626,297592.14362770255,294688.42341574904,274260.44109282654,272892.86509282654,253763.1471968737,241869.29614379286,293471.7721437929,418981.0321437929,453062.1400165849,436528.0274764004,422975.8693189282,398933.5381809972,360415.33632115886,339197.06700848596,305400.1160373176,305121.6000373176,276514.35435660876,249310.90337037027,308390.54837037035,391891.4983703703,452718.0863703704,477870.37037037045,464184.98911752633,432807.5619795953,404360.58
360280.1812434976,308226.0042434975,264478.74824349757,236395.64244916325,198203.57244916318,248178.14544916325,307440.71544916317,343924.7704491632,331821.2426459546,319853.8544665922,299432.45552406344,277499.198685989,230529.36997014206,184832.26997014202,186871.45397014203,174114.98965880854,181084.8596588085,293951.8916588085,395427.0416588085,441323.8746588085,437321.30789481837,403268.9711579193,368127.09821539064,328955.7559242855,279435.78826854785,227338.0872685478,217301.24805357333,185403.74154288362,162981.3655486473,214583.84154864732,340093.10154864733,376118.90404304984,369734.2678013146,368005.455310769,342381.748862034,339284.88603391574,336153.76339196775,316977.8531225868,315446.2997190441,273023.2412890157,271608.62577869446,330688.27077869454,414189.22077869443,475015.80877869454,457876.3520952721,435836.69990403694,404459.272766106,365288.66090626764,314116.2072505301,280311.8777006137,279604.09370061377,236091.9019782341,205349.9906938304,243525.49495061033,362078.38495061034,429387.81695061043,458842.55995061033,447739.31775937526,436339.0036214443,404360.57999999996
362178.9785755395,319027.9085755395,280156.9365755395,256806.93350868393,218869.05350868384,331736.0855086838,433211.2355086837,477870.37037037045,458970.8320249159,430736.7928731062,395594.91993057745,366440.3008277328,317220.2751118859,265122.574111886,263754.998111886,262508.054111886,261855.04411188606,313457.520111886,438966.78011188604,475730.3241095788,462086.8378381112,445760.82562309236,420206.3536805636,382678.1113894585,333122.5557337208,280929.87073372083,244362.70979696253,209305.42926704805,199148.07327281177,258227.71827281173,341728.66827281174,402555.2562728118,402906.7159048975,386260.4199621639,353349.29551342886,353653.5114161641,328693.19916136406,310394.70782617154,298462.4857428326,257261.898173994,252308.82236550775,296960.2923655078,415513.1823655078,477870.37037037045,465581.12309229554,454477.88090106053,443077.56676312955,400561.4449032912,370076.0061170174,337317.1507544964,337372.5907544964,293670.65495223016,257031.61996369794,312942.7843703706,403651.53437037056,463301.4243703705,477870.37037037045,468706.9963665963,439476.62922866526,404360.58
360967.7148550083,311416.0438550082,269214.3878550081,243363.11358928581,197948.54358928578,249551.0195892858,375060.2795892858,428043.97438705043,434574.5905143232,418502.90583577094,392948.4338932422,365411.7709501349,316156.1572342879,263963.4722342878,263684.95623428776,242531.03600449045,254143.0460044904,313222.6910044904,396723.6410044903,457550.2290044903,454588.79124620155,427066.3701306637,394176.8021881349,355996.14989702974,304823.69624129205,254587.70024129198,211418.82681459212,177494.2242846776,164713.7882904412,209365.25829044124,327918.14829044114,384719.8297809512,389921.49881838437,386005.20388051297,372701.0834317779,365112.3128739004,352185.7273405085,334632.77680732385,318057.9525317103,276667.6208829851,265817.42137037043,327511.73037037044,418220.4803703704,477870.3703703704,450075.166830186,428788.2146389509,399557.84750101983,367340.87124514283,334286.69178869564,297455.0087577179,295447.3527577179,269329.02817125403,236900.2113703705,281123.8193703705,396684.7493703704,462272.50337037037,477870.3703703704,459644.22998804064,434166.5678501095,404360.58
362083.089828445,312436.4348284451,271315.382828445,245282.70734685866,211952.04734685866,271031.6923468586,354532.6423468587,415359.23034685873,424416.00418108335,413309.29269539996,380419.72475287126,352122.57011392154,301250.0583980745,255692.74722343724,254007.29625297402,231771.61114192588,240760.5411419259,285412.01114192593,403964.90114192595,462644.874645548,460859.01901987946,444273.0079043416,431360.5529618129,389834.39067070786,340062.73401497013,292936.9370149702,246956.76501497006,212600.54948505556,193868.89349081926,255563.2024908193,346271.9524908194,401545.58880332985,380109.4002953084,364233.0902060444,333452.37875730934,321024.20004275796,306057.1672570358,283803.84766529006,281796.1916652901,245704.4006038093,235755.95330449738,279979.5613044974,395540.49130449747,461128.2453044974,434374.9207643129,402247.9785730779,376770.31643514684,336283.6045753086,287231.24091957096,250727.3448359122,250365.33283591215,215803.1998367094,185813.36945826907,265092.61445826903,387958.39445826906,447667.30845826905,472872.881458269,454738.62926703395,429496.75312910293,404360.58
362036.2686945212,314346.3026945213,272759.2466945214,247712.86542143353,211816.00542143354,256467.4754214335,375020.3654214335,442329.7974214335,442419.6046535191,432885.6301694564,419973.1752269277,388436.212945746,338964.49822989886,291838.70122989896,285510.64806716127,263085.2188762264,266122.9288762265,327817.2378762264,418525.98787622637,477293.8007921355,448870.08762101247,422100.36650547455,391357.8585629458,346761.7962718407,294873.8316161029,242297.11861610293,214151.91842923692,179132.8298993224,161278.97390508605,205502.581905086,321063.511905086,386651.26590508595,373444.8745093641,343609.4766217356,316663.6511730007,311420.012529237,282685.3326308872,261254.63622542156,260863.95152671778,220217.42627289335,216016.43137037035,295295.67637037043,418161.45637037035,477870.3703703704,460142.571830186,442008.3196389509,416766.44350101985,380872.3416411816,355641.92372526886,304605.8659628594,266429.88896683004,224291.28720422374,201068.24607463655,294739.99237037037,398551.6623703703,452108.2543703703,477870.37037037034,464173.2111904474,434775.72305251646,404360.57999999996
361885.93012008857,317306.1631200886,276518.00312008854,250990.21473255314,209191.45473255313,270885.76373255317,361594.5137325531,421244.4037325532,419191.5239870986,394043.4345867744,363300.92664424557,328786.7195600005,277198.6968441535,224621.9838441535,222614.32784415348,212537.43241049018,216452.94241049018,260676.55041049013,376237.48041049007,441825.2344104902,424807.06610567734,387197.3549901394,360207.55204761063,320710.79975650547,271658.43610076775,219769.33410076774,173328.81410076775,139849.43357085317,126885.81757661686,206165.06257661685,329030.84257661685,388739.75657661696,383393.43301786,403948.08301786,377745.66334411205,390535.083344112,343305.20968837425,306652.2981279027,273108.4988130984,233281.50120403324,235847.29555036357,340761.9905503635,444573.6605503635,477870.3703703704,469026.10401704785,477870.37037037034,465925.3820467602,473871.7220467601,444606.7254490844,393296.3822800939,353429.7388405023,309975.53152038896,280601.812449288,348542.26937037037,426192.4093703703,459137.0393703704,477870.3703703704,462232.200791104,432597.252653173,404360.58
361685.9149977864,311655.23199778644,268796.2759977864,242740.24077795635,201780.1607779563,246003.76877795628,361564.6987779562,426584.7793617824,406471.03928263806,373515.3268245072,346525.5238819786,317140.0519727881,268387.63025694113,216498.52825694115,216136.51625694113,201525.97677645902,210331.72677645905,289610.97177645913,412476.75177645904,472185.66577645903,456198.5492823414,432581.52816680353,405827.5112242748,370923.3689331697,323693.49527743197,272537.202277432,227325.014277432,194567.22074751745,187960.03475328113,292874.7297532811,396686.39975328103,431797.6755199118,449530.9158514626,458738.8158514626,429096.236662814,423956.68953534483,404803.1481142048,367110.41829434974,331875.9525359833,290733.349369411,287148.46577422763,368882.1047742275,446532.24477422755,453258.2513483864,429481.32980820193,399511.26761696686,369876.3194790358,331478.17761919746,285970.72596345976,253859.44208392833,253980.85008392838,218861.6234277098,192666.6383703703,282610.06937037024,428343.4993703703,468409.60437037033,477870.3703703704,477870.3703703704,439418.5262324394,404360.58
357702.6304262295,308359.55842622946,267123.5944262294,242261.29122339655,206103.3112233965,285382.5562233965,400545.4834971785,443409.58924612956,438604.37658944505,414593.6303743056,387839.6134317768,353931.3943212647,307001.4626054177,255845.1696054177,234007.16252630242,213145.0673750276,228307.24737502757,333221.9423750276,437033.61237502756,477870.3703703704,469932.5468409586,435008.82572542067,404099.1967828919,364515.35449178674,315780.399836049,264312.184836049,217328.12883604897,183092.28630613445,171658.5503118981,253392.18931189808,331042.32931189804,339418.9471181872,315642.0255780027,288921.56994794833,257803.5474992133,266203.3715928676,250407.9408928202,233050.9096440751,233172.31764407514,202533.55395179233,202127.40437037038,292070.8353703704,437804.2653703704,477870.3703703704,450570.06530406023,419772.09584430885,381320.2517063778,339461.32414238754,314341.93282794364,279500.49931465124,280112.10331465123,254786.95973137792,236844.70152610273,327944.4015261027,409390.23152610264,447115.65052610263,461144.88652610267,442890.03433486767,427232.49019693665,404360.58000000013
361150.4742827894,312540.2112827894,272513.65128278936,248478.17261536722,218672.81261536723,323587.5076153671,427399.17761536717,477870.3703703704,469985.5803147554,434668.134099616,403758.50515708723,366932.2729049742,318497.26018912706,267029.0451891271,260735.19419190445,238557.49348312253,248893.12348312256,330626.76248312247,408276.90248312254,441221.5324831225,427081.7945793791,391628.96346384136,360481.8745213125,323073.6922302074,277566.2405744696,229111.62857446965,183182.80857446964,149955.83004455507,140383.02405031875,230326.45505031873,376059.8850503187,416125.99005031877,402660.41504817974,371652.63932598196,331823.7408772469,313513.15740897553,262941.48375323776,242895.1894191607,243506.79341916068,221196.44410455844,222024.8175219896,313124.5175219896,394570.3475219896,432295.76652198954,420071.2715797435,401816.41938850837,386158.87525057734,352611.6733907391,306809.72173500137,259081.31573500138,259557.3997350013,222768.6369531316,217991.28053684722,288874.5561890047,426712.91618900467,462428.0471890046,469199.9351890045,449381.5729977694,441327.18185983825,404360.5800000001
358786.5178213533,309864.3328213533,268010.57682135334,242559.24319812388,208035.60319812386,289769.24219812383,367419.3821981239,396834.8316660611,391373.66089921625,355527.10468407685,324380.0157415481,287967.75663103594,242760.24691518894,194305.63491518894,194427.042915189,189930.84437037038,202127.40437037038,292070.83537037036,437804.2653703705,477870.3703703704,461073.45695646666,421389.33584092883,381425.3508984001,335936.488607295,285364.8149515573,232231.62095155727,186779.9769515573,152134.9344216428,145337.24842740648,236436.9484274065,317882.7784274065,355608.1974274065,356223.47296109644,342096.1544338308,324806.05398509576,318662.52877790463,272860.57712216687,250985.93330286967,244849.13793906593,210371.9793107373,231383.45837037038,304316.87937037036,442155.2393703704,477870.3703703704,442364.567830186,460875.9550587111,452821.5639207801,451998.0297768749,439480.655160959,387504.4886495256,348279.27167164703,304351.5919724969,277704.8434174511,368243.5168122049,432055.9768122049,460845.8447991641,477870.3703703704,469712.1771685656,434917.55803063454,404360.58
360617.83942622953,314709.25742622954,273972.2814262296,249533.68966588963,216740.71966588957,306684.1506658896,452417.5806658895,477870.3703703704,460171.0565478433,420093.21033270395,380129.22539017524,339289.27890511754,289017.54718927055,235884.3531892706,236495.95718927053,235457.82918927053,250429.5091892705,341529.20918927045,422975.03918927046,460700.4581892705,458979.3548994309,435241.73378389294,418072.0488413642,385514.80655025906,339712.85489452136,291984.44889452134,246427.6648945213,219260.50436460672,231383.45837037038,304316.87937037036,442155.23937037034,477870.3703703704,449890.14575218846,468934.9257521884,461907.3251879717,469588.4871363421,420718.71348060446,382982.2341757961,348389.19487914257,306773.1193335335,305915.206254405,407188.982254405,471001.4422544049,477870.3703703704,461268.77083018585,432691.4886389508,397896.86950101977,360589.80090302235,353339.1461885785,317203.3273388853,296829.17756942404,256077.66985837586,238364.67543750422,321125.25365848787,407386.35365848785,454751.34665848804,473212.49765848793,458957.66546725284,434670.9613293218,404360.57999999996
358480.9474262294,307893.7834262295,267653.41542622953,241870.0590517253,211704.9990517253,302804.69905172527,376589.45570184477,404097.01843946916,394357.5463924104,370226.200177271,353056.5152347424,321495.19612423016,275993.18640838325,228264.7804083833,213003.39454090854,197491.13837037026,231383.45837037027,304316.8793703703,442155.2393703703,477870.3703703704,445415.1407521886,437416.21810317,427849.6861606413,391873.0438695361,343003.2702137984,290935.9492137984,244562.99321379844,209924.057683884,201124.23168964766,302398.00768964767,366210.46768964763,378805.40040761855,362203.8008674341,372293.3708674341,347271.8056150945,347649.69424244674,349942.70224244683,319699.3416056731,286044.9048728313,247605.00131532422,255680.84237037014,344244.27737037017,430505.37737037026,477870.3703703704,453982.0038301859,477789.8037167337,453503.0995788026,446257.11708411836,429542.1457897411,378109.0550864505,339090.14515791956,296238.4497278912,269617.9677382123,342057.58437037014,407455.54437037016,454098.88837037026,477870.3703703704,469080.7766127668,438607.61947483587,404360.5799999999
362429.180673492,317246.80467349204,276852.352673492,258488.55776187734,247043.3777618773,319976.7987618773,457815.1587618773,477870.3703703704,460522.74772545067,447389.20210294984,437822.6701604211,411826.92987595714,363257.0981601102,311189.7771601102,286843.50897633244,264192.3358885138,277161.8758885138,378435.6518885138,442248.11188851384,462716.54419291817,448751.8311287471,414691.78001320915,378385.0200706805,338022.4977795754,288638.49612383766,238224.1881238377,192846.26812383768,161464.90559392315,160142.12959968686,248705.56459968686,334966.66459968686,373414.83384849445,361243.0362206869,384541.33311363374,358771.7716648987,364429.2510448768,315135.36638913915,277851.0526073825,243464.32036007673,202924.22908358948,202092.58256982802,287136.30856982805,352534.26856982807,388671.1047243388,369995.38818415435,342759.82599291933,312286.6688549883,268016.44699515,218703.86933941234,168326.5443394123,169074.56433941232,144555.4422449938,126106.82900531495,183118.37100531493,327986.3910053149,429202.87900531496,465626.1430053149,451554.58081407985,434206.2036761488,404360.57999999996
361043.39352351974,311522.1025235198,270371.37052351976,244609.97235354804,212733.44235354805,314007.218353548,377819.67835354793,387685.6757750988,378681.83720932336,344228.0609941838,307921.3010516551,268554.70194114296,219470.64222529592,169056.33422529593,163800.5136039202,144325.51250420345,164772.10250420347,253335.53750420344,339596.6375042034,386961.6305042034,367802.3082132941,348064.70709775627,322265.8621552275,282151.7398641224,232857.85520838466,181256.03020838465,135205.7462083847,101687.8636784701,83293.16350008584,168336.88950008582,233734.84950008584,256915.689429955,238239.97288977055,214615.51280500853,182691.6143562735,166086.09747990587,116773.51982416818,99377.73772661258,100125.75772661259,76045.15108134058,83385.3733175791,140396.91531757909,285264.935317579,386481.423317579,384924.17004699074,370852.60785575566,353504.23071782466,313215.9988579864,265508.91120224865,215209.58220224865,199892.57276276677,173452.1149454296,150647.8674998085,256006.48249980848,391955.3524998085,446970.8974998084,474630.95749980834,456056.4553085734,439285.2018598383,404360.58
357236.88642622955,309368.60842622956,269191.18442622945,246779.24532877904,221968.85532877903,310532.29032877897,381093.84250095946,394927.40511560644,378144.16220437636,358012.83598923695,332213.99104670814,293095.791936196,244101.8492203489,192500.02422034892,173584.74936240225,152009.56054370533,165028.4805437053,250072.20654370525,315470.1665437052,358177.3894351805,344210.5183068383,311492.1871913004,279506.88924877153,236226.62695766642,186914.0493019287,136536.72430192868,91244.26030192866,59540.0637720141,58402.77777777779,115414.31977777777,260282.33977777773,357595.19191882276,369822.03079261957,355750.46860138455,336730.9401526495,296442.70829281124,248735.62063707353,210435.74046920432,211693.7804692043,180801.59054812285,181547.34037037057,286905.9553703705,422854.8253703704,477870.37037037045,467752.37320459494,453582.4305184174,438777.85138048633,403853.2295206481,377770.76361153286,343362.97286651813,345181.8528665181,307215.00038183853,280420.16037037055,391454.37937037053,445131.5493703704,467486.4863703704,477870.3703703704,460957.4506554366,436584.9385175056,404360.58
358014.3664262294,308958.5714262295,268093.6914262295,243377.7831503087,211482.80315030867,296526.5291503087,332635.36983212683,350388.9409771177,344002.70063594135,310890.6444208019,277194.97832892445,234910.6392184123,185898.00350256532,135520.67850256537,136268.69850256536,123622.75346045928,144254.83346045925,201266.37546045927,346134.3954604593,447350.88346045936,456297.0218422776,436742.69072673976,414971.13830996223,375672.86601885705,327965.77836311946,277666.4493631195,232876.80936311948,200507.2908332049,193444.82483896858,298803.4398389685,434752.3098389685,474220.5311618141,477870.3703703704,466093.2934471593,449322.0399984242,414397.4181385859,366274.2174828482,334227.6983016312,329483.71292291785,291810.0489059207,290804.0443703702,401838.2633703702,455515.43337037024,477870.3703703704,446034.6268301859,413600.6946389508,389228.1825010197,346132.88064118143,296714.43798544374,256000.31733904142,257147.02933904144,222980.61774307658,201389.9223703702,263695.6753703702,400511.57537037024,458264.76137037034,477870.3703703704,467530.156318839,432544.3911809081,404360.57999999984
357107.2134262296,309275.91842622956,269175.9704262296,223562.57042622965,199144.13042622968,256155.67242622966,372470.6038657901,449344.6268092756,456863.0835985803,436915.0273834409,416123.7312915633,377821.3821810512,330414.2364652042,280114.9074652042,234123.84346520418,183551.06346520424,195054.5205624575,300413.1355624575,436362.00556245743,477870.37037037045,477870.3703703704,453813.0992548326,437496.37931230373,403561.71702119865,355438.516365461,305060.571365461,260862.459365461,230257.86383554648,221054.20784131016,332088.42684131017,385765.5968413102,408120.5338413103,388523.05871082895,360134.83394163306,334362.04849289806,319509.74868436414,270091.30602862657,244918.07171741626,246064.78371741629,216797.39126715917,220995.5313703702,283301.2843703702,420117.18437037035,477870.37037037045,472114.5987600171,443570.2865687821,408584.521430851,366505.7995710128,318088.8568424067,284411.17487747275,282925.6068774728,248447.80775904856,214387.6661420761,255192.06714207615,367991.25714207615,428758.0461420763,456464.17214207625,449335.0299508413,427581.8938129103,404360.58
359356.9144262295,311603.6154262295,271998.98742622946,248565.3894256627,218237.27942566265,323595.8944256627,430883.8236399483,462655.01559480274,463682.42598303803,439231.4297678986,420688.40867602115,387749.66956550896,339926.4108496621,289548.46584966214,291367.3458496621,278238.3343703704,290804.04437037033,401838.26337037043,455515.4333703704,477870.37037037045,454144.0737051298,416227.3725895919,390342.71964706323,348237.37735595804,298818.9347002204,248220.11470022044,203358.37470022042,171696.46217030552,167701.43617606923,230007.18917606925,366823.0891760693,424576.27517606935,437169.7779864066,408721.00202206295,372400.2495733279,373995.10175349726,325434.9560977596,306994.1035124459,305508.5355124459,271771.29651142546,263499.99037037045,304304.39137037046,417103.5813703704,477870.37037037045,464114.5891500495,456985.4469588144,435232.3108208835,401361.7989610452,352614.9093053075,300559.86430530756,284962.6568381958,240890.53665236014,207713.8740835528,238359.93737037035,378908.97737037035,449557.2333703704,477870.37037037034,460561.9469300535,429767.1647921225,404360.5799999999
361505.29036690615,313673.37536690617,274663.01936690614,252972.2816751215,220767.94167512155,331802.16067512153,385479.3306751216,407834.2676751216,397222.29652044113,366177.53742805874,340292.88448552997,299183.4653750179,250064.96465917083,199466.14465917088,200612.85665917088,201866.56995021726,219640.90995021726,281946.66295021726,418762.56295021734,473731.68012652,477870.3703703704,443843.28925483266,407345.3833123039,366256.6210211988,317696.4753654611,266828.420365461,219321.38036546097,183543.69083554647,167303.4448413102,208107.8458413102,320907.0358413102,381673.82484131027,382044.54568516056,381835.372778598,358565.34132986295,361198.8253348958,312451.93567915814,291549.0464683754,265207.5179657549,223447.00193346036,216059.1748405705,258780.33684057044,399329.3768405705,452789.2211437426,438735.8526035582,433563.43255238613,402768.6504144551,367236.3785546168,318952.10189887905,268002.1138988791,229188.84297431863,184440.29282984274,148756.6403699804,209469.59537037028,378431.5153703703,455815.48237037024,477870.3703703704,461299.94530313887,437024.8661652078,404360.57999999996
362342.4903829552,314289.70038295514,274612.52438295516,251809.84667247362,224736.2266724736,287041.97967247356,423857.8796724736,462140.4488987712,448662.5140142791,414241.7077991397,377743.8018566109,337650.96274609875,289390.75903025176,238522.7040302518,237037.13603025183,215101.73808007198,220630.858080072,261435.25908007193,374234.449080072,435001.23808007204,431748.8485121576,419136.9373966198,395871.66045409103,362991.10816298594,314244.2185072482,262189.1735072483,215316.47350724824,180449.78097733363,164864.85498309735,207586.01698309736,348135.05698309734,399296.82553191995,398462.3262300663,415190.77623006643,383037.0747813314,347504.80292149313,299220.5262657554,263999.7585165489,229818.66527321364,187381.71928227882,177486.9022983339,245114.02229833393,414075.942298334,477870.3703703704,457549.7628301859,439033.67063895083,414758.59150101984,379541.6251871422,373393.6193083376,339435.77306516975,310547.5065321945,267922.1927032992,242463.58448082217,291275.51138715306,392404.281387153,450981.912387153,467460.923387153,450378.5011959179,433202.45305798686,404360.58
360362.434799809,312040.4097998089,269730.225799809,242906.10041850584,203712.69041850578,244517.09141850576,357316.28141850577,412039.8256641009,433522.09305649536,425483.4302039832,402218.1532614545,370333.5241509423,321886.5764350952,269831.53143509524,257337.9137329966,234542.30015849232,240726.74015849232,283447.90215849224,423996.9421584923,477870.37037037045,464234.4436540902,436803.82253855234,404496.89959602355,369954.5873049184,321670.31064918067,270720.32264918054,224766.24664918054,189236.805119266,171383.24912502966,239010.36912502968,407972.2891250297,466911.35240454535,452748.70353799744,439970.423680118,414273.557231383,418610.96138798737,369434.5977322496,334143.9241094407,300976.62264148844,260662.91296613432,260993.14021957465,321356.86721957463,422485.63721957465,477870.37037037045,452103.4348301861,456225.94989482604,439049.901756895,399794.83989705675,381697.40239024983,353653.4259412818,341106.09148385655,297228.8540538282,273535.0735664429,335149.6799878096,417912.17998780956,456928.15998780954,473918.5159878095,452834.9337965744,430225.1126586434,404360.58
357678.2024262295,308169.18742622953,266490.40342622943,237440.76059000337,198884.85059000336,241606.01259000337,354500.84526033315,390630.73649669887,387847.75850501726,360335.799736784,326410.3306449065,292863.9415343944,244879.60681854736,193929.61881854737,183453.5969035148,159981.55337037035,163897.36337037035,231524.48337037035,400486.4033703704,477870.3703703704,460499.7031211725,436500.84200563474,410713.6220631059,368338.2797720009,319161.91611626314,268831.40111626324,223918.98111626317,190627.58458634865,181986.87859211236,242350.60559211238,343479.3755921124,377326.4569180372,354013.4313718338,363760.4343095075,345107.6358607725,333695.3905106631,332283.5220605247,319291.2794513037,285174.21923803084,243608.58596154358,245703.64095007576,317100.7639500757,399863.2639500757,438879.2439500757,413386.1934098913,392302.61121865636,369692.7900807253,333488.15822088707,297493.83963467344,271099.4465477768,275671.37054777675,237811.98061348955,219511.11137037037,325329.8283703703,415309.5183703705,453981.3983703704,477870.37037037045,457451.9808808195,433392.28974288836,404360.58
358100.98042622954,309697.0224262295,268960.57842622936,242329.63886249004,201505.42886248996,269132.54886248993,424722.89204644616,477870.3703703704,470426.27674577147,452720.2170880975,426932.9971455687,391502.13805969054,342625.7163438436,292295.2013438436,269374.67098876694,248025.8637712033,261154.52377120324,321518.25077120325,422647.0207712032,477870.3703703704,455175.7673650228,432610.5762494848,413922.38730695605,375657.2850158509,325865.88136011316,274794.93136011314,228900.6073601131,194316.51083019853,187436.62483596223,258833.74783596225,341596.2478359622,356704.16039370926,342114.0312836354,330616.2705894416,306340.87814070657,307674.71319552045,281652.610501888,270547.5596033938,271799.15320159454,235912.117137572,243400.08337037018,349218.8003703702,439198.4903703702,477870.3703703704,459459.6728301859,446758.1022034816,422698.4110655504,405510.53397463146,386942.5456719199,354586.8932347301,354946.6932347301,320738.17606876494,288406.9473703704,352682.90537037037,442022.1253703703,470108.7763703704,477870.3703703704,477870.37037037034,437992.99123243935,404360.57999999984
360421.20266242395,312636.717662424,272921.153662424,248691.5138454268,217075.44384542678,277439.17084542685,378567.94084542687,437145.5718454268,423764.68967216485,408793.7290454767,390105.54010294797,361769.9997911318,312278.53807528486,261207.58807528485,251824.31218381537,229223.5813651185,244113.06136511848,315510.18436511856,398272.68436511845,437288.6643651184,419139.0279886479,392611.0358060438,368489.07386351516,333274.4015724101,285235.05591667234,239857.0699166724,208623.17221123033,179970.92568131574,178739.37968707943,284558.09668707947,374537.78668707947,413209.6666870795,402120.30865820247,395694.896003056,370059.96755432105,358479.4174777346,322602.2426804804,305343.3695756282,304042.6246847988,263383.0599000962,256840.6666776191,321116.6246776191,410455.8446776191,438542.49567761924,404092.0881374347,367094.13594619953,327216.7568082686,278320.6549484302,225537.2862926925,181524.01543377404,179764.91543377406,154436.02620952873,133144.2472416388,199397.41624163877,371378.7462416387,440162.6002416388,466358.7472416387,447206.80505040364,430714.5549124726,404360.57999999996
362140.4813962368,313615.5613962368,272925.00939623686,247244.55412314905,217292.37412314897,288689.497123149,371451.99712314893,410467.9771231489,398032.4191948067,371072.3429796672,346950.3810371384,321641.57210387796,273902.1683880309,228524.1823880309,233096.1063880309,220064.25378449337,240602.07378449332,346420.7907844933,436400.48078449327,475072.3607844932,459503.5970818195,432376.0959662816,406804.26402375277,368611.58173264744,321013.2110769096,270781.2140769096,225946.99747354203,192280.12894362753,177195.2729493912,241471.23094939123,330810.4509493912,358897.10194939113,329324.53501142317,302004.2891074672,260837.24465873223,256123.11494057038,203339.74628483257,173185.9394950947,171426.83949509473,154427.61982151447,156542.37072785085,222795.53972785088,394776.8697278509,463560.7237278508,447221.26018766634,428069.31799643126,411577.06785850023,374999.9559986619,328015.6023429242,277650.4293429242,276503.76863308804,233342.26898606253,195419.7650525763,292223.2053703705,405707.17537037045,454208.4423703703,477870.3703703704,467830.94428016315,433680.970142232,404360.57999999996
361904.61085390154,319072.65485390153,282770.09485390154,262938.9102527683,238391.32025276835,344210.03725276835,434189.72725276835,472861.60725276836,467615.3674762977,443557.19263862487,417985.36069609603,380788.60158558405,333490.1728697371,283258.1758697371,283617.9758697372,267703.8275649192,274388.33756491926,338664.29556491924,428003.5155649192,456090.1665649192,421800.9088462026,379320.18773066474,337930.667788136,290024.5254970309,237241.15684129312,182563.17084129315,134799.59484129315,105887.86493844022,94980.5689442039,161233.7379442039,333215.0679442039,401998.92194420396,396232.5141035622,392362.41334734124,374179.2028986062,365264.75282201974,318280.3991662819,292897.06606246857,269290.84907265566,228440.95357917136,216307.28512160262,321597.2971216026,435081.2671216026,477870.3703703704,459870.56123775005,432785.209046515,398635.2349085839,392688.7777701114,365520.92077276774,330238.10986534995,317074.38274052483,273034.8800345759,237642.25530407127,288896.8983703704,415815.43837037036,463427.50137037033,477870.3703703704,469223.36658432055,436375.5784463895,404360.58
361787.49144715,314101.52444715006,273629.3724471501,248879.9526618811,210799.90266188112,275075.8606618811,364415.0806618811,392501.73166188115,365518.3136019882,331087.3964761102,289697.87653358147,251925.1459427718,199441.7192269248,144763.73322692484,143004.63322692487,141366.5312269249,152228.6012269249,218481.77022692488,390463.10022692493,459246.95422692486,446493.0217231816,421858.31060764374,403853.919665115,368266.7673740099,321282.41371827223,270917.2407182723,225628.4447182723,191734.62518835787,171259.57919412153,276549.5911941215,390033.5611941216,421412.99410434003,417592.16539417964,393117.41628913453,357620.0858403995,357044.15197398805,346913.0524664071,325684.9900676712,296441.52910401823,254713.63055161032,245109.8412970232,310045.0762970232,436963.61629702337,477870.37037037045,449991.218830186,453405.27919364674,433776.29055404797,429684.56389442,408268.14133050194,371430.6054794143,349680.8991915718,306251.77603519784,280562.0484147851,329724.99049988505,395393.88049988507,417190.63149988506,424300.264499885,433942.6244998851,412390.98836195417,404360.58
356867.33542622963,304735.37942622957,262157.8234262296,213035.37842622955,179150.49842622955,245403.6674262295,389052.97123392177,450893.10471264686,439455.68693938496,414427.25072424556,394472.2726323681,359881.04352185596,313196.6318060091,262831.45880600915,240164.32850584047,218279.33547014638,219573.6554701463,324863.66747014626,438347.6374701462,477870.3703703704,470373.9528901565,437805.83177461865,402143.71683209,363769.7745409849,314195.0608852472,263113.6948852473,217103.6188852473,182361.11235533276,164580.96636109645,229516.2013610964,356434.74136109644,380367.7796045253,361474.6235389358,374283.4730473334,376921.70711110515,377817.8462262036,374489.385610487,352357.35647265485,325971.3245019458,284853.80549911293,284952.9133546175,347696.91335461754,413365.8033546174,419499.7685504727,384397.92701028805,355403.914819053,333852.278681122,291051.6968212837,263922.88180446025,226864.62901460397,224851.12101460394,193385.2955001256,154022.26316067606,246339.92216067607,370490.9621606761,438044.05416067614,468981.217160676,456232.2349694409,434380.2708315099,404360.58
362139.4678660764,314320.32486607635,274220.93686607643,248863.85674936257,205433.4267493626,310723.43874936266,424207.4087493626,472708.6757493627,471664.3435386674,443747.73448384146,408085.6195413127,379341.68553693633,330066.91382108943,278985.5478210894,259988.85797031233,237225.8618756948,241215.08187569483,306150.31687569484,433068.8568756949,473169.4328555687,447602.7462266917,416490.9751111539,382131.04616862524,340625.43387752015,289356.04322178254,238424.43822178248,192029.1382217825,157976.90869186798,149836.66269763163,212580.66269763166,278249.55269763165,276975.5545785684,241873.71303838392,228167.86810353823,205075.52865480323,194021.99829583164,146283.53864009396,124317.04973323393,121271.38873732158,77276.2337883131,63702.036924781,156019.69592478097,280170.73592478107,347723.82792478096,336240.9483845965,323491.9661933615,301640.00205543055,261239.1201955923,214143.81753985462,181730.7631748565,182897.27117485655,160312.12447128774,140622.95837037032,211452.0993703703,387877.9593703704,460085.32937037025,477870.3703703704,473945.9781510602,439633.3470131291,404360.58
361883.13965689,313347.8036568899,272421.09965689003,246696.6675203461,205941.06752034609,270876.3025203461,397794.8425203461,445406.90552034625,434716.5299909344,403211.0337757951,368851.10483326635,337304.68805536703,286335.2393395201,235403.6343395201,228707.62403165863,206555.00748661614,220184.12748661614,282928.12748661614,348597.01748661615,359402.4877701896,325916.62263649976,291439.84152096184,268376.0645784331,226565.44228732798,178826.98263159036,125381.06063159033,113586.70525468506,80140.16377201409,58402.77777777778,150720.43677777777,274871.4767777778,323874.80527951586,314082.34026109625,301333.35806986125,277953.89662112633,237553.01476128807,190457.71210555045,167866.87516759278,169033.38316759275,152308.32999537053,158407.9993703705,229237.14037037044,405663.00037037046,477870.37037037045,457391.2047447019,424654.8725534669,390342.24141553586,356795.4555336453,335428.87360890815,301464.2379096102,301064.34190961014,276080.27053066087,244086.89737037054,334975.1463703705,428564.43637037044,463320.98537037044,477870.37037037045,462754.74198694644,437113.61684901535,404360.57999999996
362316.9174759265,313931.3424759265,272726.01047592657,247705.6357087878,216446.1157087878,279190.1157087878,344859.0057087878,359520.8131667592,336643.8105378822,301773.30432274286,278709.5273802141,237894.82826970197,190456.31055385497,137010.388553855,134996.88055385504,116068.02596792685,116100.00596792686,208417.66496792686,332568.7049679269,400121.7969679269,398035.802823542,379804.05170800415,356439.9467654754,317029.0244743703,269933.72181863256,221660.67681863255,176766.56881863257,156479.41148552965,145708.67549129334,216537.81649129337,392963.6764912935,465171.04649129335,462182.797181133,430824.4995066381,394984.3710579031,377268.4981695005,326878.60851376277,307633.1651010466,307233.2691010466,269475.55510546203,258636.28237037035,349524.5313703703,443113.82137037034,477870.37037037034,449999.7128301859,428569.06481411395,402927.93967618287,385342.0457814908,365807.33680362697,332557.0873782653,332879.5913782653,303621.2589621135,270596.6313703704,364505.39637037046,444785.1863703705,472771.70737037045,477870.37037037045,447699.5012247474,428643.21008681634,404360.58
358316.7094262295,307416.81742622965,264556.1254262296,213651.83142622962,168784.2814262296,261101.9404262296,357307.15236029547,383195.43010031705,370742.6263177084,352117.150102569,326965.9210106915,288550.92190017935,241755.5611843324,193482.51618433243,162891.2397542231,147409.36937037038,158407.99937037038,229237.14037037038,405663.0003703704,477870.3703703704,467894.59639710834,429675.4952815705,393850.7233390417,349553.43104793667,299163.54139219894,247223.38239219895,221080.392680187,186106.9361502725,166948.86015603616,257837.10915603617,351426.3991560362,386182.9481560362,371790.1218758222,369703.24680886,342534.62436012493,333502.438725661,332054.87641852215,313803.600503854,312183.680481342,269906.43728700775,262670.64517118206,356579.41017118207,436859.20017118205,464845.7211711822,427524.3416309977,392670.1594397627,373613.8683018316,337371.4364419933,322391.0978852695,292783.1781644633,295469.02216446336,274157.44459933665,255516.88893419906,360507.62693419907,425814.4469341991,447339.9789341991,465292.66793419904,446807.2357429639,433098.5686050328,404360.57999999996
358635.2034262296,312908.1884262296,273227.51242622954,226106.39642622962,192205.49642622963,262720.83497869043,415351.63504245976,477870.37037037045,477870.3703703704,445683.1575178584,409858.3855753296,368556.3555814169,318466.4078655699,266526.2488655699,266126.3528655698,256024.99237037025,258636.2823703703,349524.5313703703,443113.82137037034,477870.37037037045,459594.7055660918,427328.0650852707,400174.79914274206,357765.436851637,310325.53819589934,260580.17919589928,226451.36075325028,191187.27922333585,175996.52322909955,269905.2882290996,350185.0782290996,378171.5992290997,353376.9751595809,328434.30227552593,307850.51382679096,312459.2912174912,315566.0993314923,300286.13617532945,302971.9801753294,272307.5933969886,279455.87320776837,384446.61120776844,449753.4312077685,471278.9632077687,446811.6096675842,453729.7791900345,440021.11205210356,400974.67019226536,387658.19437389245,337983.58518426603,310133.1336038262,268984.9297998603,270870.32500628225,344097.38048233895,408614.9904823389,448723.34848233906,462489.76648233895,448081.99429110385,419136.45515317284,404360.58
361239.23654676264,311845.1075467626,270598.02754676266,244591.3844073858,202303.1444073858,293191.3934073858,386780.6834073858,421537.2324073858,418236.1506131999,390481.3824014225,363328.1164588937,331016.79450593964,283876.8377900927,239858.9297767878,240181.4337767878,222090.8757340214,228669.48573402144,322578.2507340215,402858.04073402146,430844.5617340215,402086.88058963645,361749.9294740986,341181.4975315699,305929.02524046483,260407.99558472712,211880.47158472717,187243.97786038858,160937.09833047402,159024.28233623772,264015.02033623774,329321.8403362378,350847.3723362378,359069.19671270845,379333.89671270864,367370.02871847723,376858.4287184774,382093.9257184774,347283.02640685096,315500.2612043552,276663.66155393026,304349.82235974073,385702.4403597407,450220.05035974074,477870.37037037034,449216.7458301859,460705.90089505474,431760.36175712367,405250.4098972855,369015.34509706416,328617.7760976219,329484.8240976219,292551.30425557424,264123.4363703703,342995.7753703703,440850.9453703704,468290.87437037035,477870.3703703704,461911.4797057645,436773.6395678335,404360.57999999996
382361.9704257005,335162.64142570045,294637.9614257004,268257.6825577118,229936.76255771177,323845.5275577118,404125.31755771174,432111.83855771174,406897.78614594706,375659.7033474597,355091.271404931,330728.3082977099,285507.22058186296,258424.84554740644,261110.68954740642,256505.17019766336,276361.7201976634,381352.4581976634,446659.2781976633,468184.8101976633,446802.5801570215,429028.38742336404,413807.5794808353,375751.09718973015,329315.04053399246,279509.2315339924,235919.6715339924,204326.1450040779,219896.60900984152,301249.22700984153,365766.83700984146,384759.2183848357,367490.7624618056,391833.1224618056,363266.5034888326,366370.6928487889,348318.96680993994,322270.6438512116,319310.38472530275,278352.6895507985,273702.9323703704,352575.2713703704,450430.4413703705,477870.3703703704,445029.8238301859,439488.1142814278,416044.6498147557,402004.26599221746,374022.6494425772,339354.311162007,338235.20716200693,309226.9121410126,274074.32737037045,380334.8253703704,438383.6553703704,469988.8373703704,477870.3703703704,477870.3703703704,438190.0272324394,404360.58
362950.118192031,316968.62419203104,278807.284192031,261455.08783169108,236412.107831691,341402.84583169105,406709.665831691,428235.1978316908,421138.25221992604,410953.7608090674,395732.95286653866,363510.51755550713,317374.40283966024,267568.5938396602,270074.4258396602,254551.95437037028,291891.7843703703,373244.40237037034,437762.0123703704,477870.37037037034,451559.23067095625,438446.3514425707,407988.67150004185,382468.67920893675,334581.326553199,284872.2995531989,262582.31431662885,228784.68778671426,215776.64179247787,294648.98079247784,392504.1507924778,419944.0797924777,394546.5860245633,400074.46627947665,374928.0292340191,365863.82510513515,355969.35522621975,336133.088138657,334311.5582343233,291086.7885708672,281955.8603703703,388216.35837037035,446265.18837037036,477870.37037037034,443331.860830186,433415.38225594076,406275.1730943215,399529.0910955251,370996.87311932124,334320.55611039756,330599.6040110866,284895.78732100164,258805.91287146028,327984.4262677257,387642.93626772566,416272.7692677256,452895.7042677256,447707.35301429866,425764.34187636763,404360.58
362779.9251898173,315520.1461898174,277178.7941898174,254165.18327593635,246605.48327593633,327958.1012759363,392475.7112759362,432584.0692759362,410094.24418074905,401463.1100208353,371005.43007830647,357186.32447655586,309598.9137607088,269705.5506530193,270572.5986530193,264941.6123703703,273702.9323703703,352575.27137037035,450430.44137037033,477870.3703703704,447966.1186505843,411864.2375350464,385214.2565925176,343253.9343014124,293422.29264567466,242157.90264567465,208009.15345369535,171778.3059237808,154427.42992954445,260687.9279295444,318736.7579295444,349992.28359925613,323040.78307305294,293926.57161470293,252718.73116596785,250943.57024299185,240497.14023767918,218506.62010330477,195216.8635372697,151824.65100072575,151523.61202710186,230105.23302710184,289763.74302710185,317401.2683370393,311604.1607968548,296159.04860561964,274216.0374676887,242446.8156078503,220283.0903930064,191001.34626355828,191879.00201511817,148466.76959075555,123355.45067927548,223599.22067927546,340104.40067927545,417734.8796792755,466313.0886792755,452408.1464880404,425859.15535010945,404360.57999999996
362499.91985998844,315336.9228599885,275356.7868599886,250345.09586905374,214206.88586905372,293079.2248690537,390934.39486905374,418374.32386905374,395879.5605235993,364567.70096660306,337917.7200240743,305937.81868928217,256406.1189734351,224628.0108713716,223508.90687137164,207971.75474922516,212390.24474922518,318650.7427492252,376699.57274922513,408304.75474922516,374529.6939933131,334003.32287777535,292810.8389352466,246937.79664414146,195472.33098840373,142617.95098840375,103433.9063019286,67106.18377201409,58402.77777777778,136984.39877777777,196642.90877777777,202006.45333328296,207320.4970723204,207231.6690874473,183761.1606387123,179787.49808400768,134648.6674282699,121574.11920050987,119945.98520986082,78395.95058889766,76127.99811756739,176371.76811756738,292876.9481175674,370507.4271175672,376665.59357738274,362760.6513861477,336211.66024821665,304474.71838837833,261664.17373264048,206906.2697326405,194302.08642860068,163326.2319121134,132281.12537037025,221593.89237037027,382257.75237037026,444138.83637037023,477870.3703703704,468344.6030110163,437544.79887308524,404360.57999999996
362032.23047703377,313313.8704770337,271347.5824770338,243997.76766683557,203516.72766683562,309777.2256668356,367826.0556668357,399431.2376668358,375495.23190319946,334575.1356880601,293382.6517455313,257272.22209017028,206106.6983743233,153252.31837432328,148949.1718369438,124521.86175819032,137587.82175819034,216169.4427581903,275827.9527581904,302142.42554810736,300468.94462404307,285782.91691469686,262327.76497216814,231548.50268106302,186409.6720253253,137579.40202532534,103053.28730192859,68564.45377201408,58402.77777777778,158646.54777777777,275151.72777777776,337907.30438757053,358784.51293088595,344879.570739651,316803.082290916,285066.1404310778,242255.59577534013,213938.82868442227,210993.06068442226,191929.41326654103,186025.91714807908,275338.6841480791,436002.54414807906,477870.3703703704,477870.3703703704,450033.0081791354,419233.20404120436,376031.1021813662,340620.84187445056,303140.9206803623,298858.1197689813,255067.3240386697,218869.22961779818,287035.34637037053,403492.25637037045,462817.4523703705,477870.3703703704,474968.8310186751,442304.5008807441,404360.58
357771.1094262295,307462.7594262295,265078.0674262295,233213.25512243362,201379.68512243364,279961.3061224337,313481.1189246315,324926.41764715326,330255.97176373086,308934.3655485914,283692.0894567139,253908.7503462018,209069.86163035478,160239.5916303548,161464.78763035475,141374.9243828005,152982.61438280053,253226.38438280055,369731.5643828006,447362.04338280053,464504.3833646187,445116.6722490809,414288.1598323033,383541.17754119815,340730.63288546045,285972.72888546035,236977.74088546028,201801.42035554576,173663.63031300058,262976.3973130006,423640.25731300056,470268.5624382551,477870.37037037045,452180.1378834635,419852.83643472847,376650.7345748903,327425.6699191525,304094.5990104333,287164.1039526908,245684.91237592034,235275.65343096622,314627.34543096623,431084.2554309663,477870.3703703704,450541.15883018594,429165.4066389509,396501.0765010199,348010.87464118167,298341.920985444,243662.5089854439,238592.0917842118,209355.993565175,184950.35449980808,241796.63549980806,348370.4954998081,437392.9164998081,475887.56949980813,454217.81730857317,444917.19185983815,404360.58
357324.74042622955,311040.50042622956,271418.51242622954,223014.33742622953,189722.49742622953,289966.2674262295,378441.2246375849,423061.4709906353,435916.8817788706,419494.91129264695,389646.6552007694,359895.59609025734,317384.9933744104,262627.08937441034,218963.01675274275,174710.18857242414,179071.13857242413,268383.9055724242,429047.76557242416,476495.23764627654,477870.37037037045,444550.2392548327,412238.2943123039,370026.15202119877,320801.08736546105,268030.283365461,221192.919365461,186831.1548355465,168422.17884131015,247773.87084131016,364230.7808413102,408187.68200889346,391833.727329749,406835.38400356483,372624.6775548298,352644.9370086508,302975.98335291306,266036.5958848466,264225.8358848466,246718.97484924816,248102.17125979866,304948.45225979865,411522.31225979864,477870.37037037045,473938.96683018585,460837.52831482835,453312.7101768973,413374.885806013,392162.1017562066,355125.65393356304,354646.71393356303,310986.28581401636,272136.93532089714,317189.53837037046,401809.63837037043,451620.0353703705,477870.37037037045,473418.0361667601,436710.0970288289,404360.58000000013
358330.5044262294,306118.63042622944,262325.6784262294,230858.6637087221,190320.0837087221,279632.8507087221,440296.7107087221,472384.21833969414,473019.37134378793,441801.70591429033,407702.6368224128,366486.4177119006,317561.29499605356,264790.49099605356,258106.76705118694,235592.47793220685,238952.8679322069,318304.5599322069,434761.4699322069,477870.3703703704,457521.2026644881,430662.68154895015,396486.2106064214,348985.96831531625,299317.0146595785,244637.60265957846,201959.54013590695,176320.40660348925,164280.07060925296,221126.35160925295,327700.211609253,399753.4226122855,403527.0107716199,393356.18661170633,384055.5611629713,383307.2660972164,335992.91744147864,314031.9889272938,301122.7815358475,259773.95756984185,246713.44255264004,292759.3855526401,377379.48555264005,424012.2547039537,407866.44816376927,377733.18597253424,341025.2468346032,294727.83497476496,240310.08431902726,188104.19331902725,187365.0773190273,162250.48771555373,132311.77037037027,211839.8523703703,331093.1823703703,427612.2713703703,477870.37037037034,461612.8926871652,434578.1625492341,404360.58
