90403.40974000015,101363.0,98100.9856555553,54845.77192555531,69203.37798,48863.878912416316,42105.64665221493,72324.164,101362.99999999999,97519.66018444458,99970.0,89218.54630000005,101363.0,101363.0,99535.09809999999,76026.60543000001,56192.636280000006,45271.22317000003,0.0,33671.74389999997,101362.99999999999,97709.38308444458,99970.0,86781.12319999997,71733.00869999999,101363.0,90719.44397981015,47456.32215049721,45279.00263037214,25333.72306037213,24402.343790372128,49827.49739999998,101362.99999999999,97709.38308444436,99970.0,87651.77318444444,101363.0,101363.0,90859.18403435257,76066.53218000001,58300.542380000006,16218.129979999963,6312.408359999949,0.0,89260.12448000003,98034.67138,99970.0,101363.00000000001,101363.0,101363.0,97858.55834505738,58540.99359505738,48978.25758505738,34160.47726384106,18963.27380384106,18474.127384444524,26835.048784444556,8830.965984444469,10761.249509999941,0.0
69350.69939999997,101363.0,101362.99999999999,59993.741940000014,48065.98436,23481.135750000016,0.0,11452.818244444405,80994.72064444445,77939.90474444437,96358.80752870176,86399.13742870174,101363.0,101363.0,75914.69068999993,36287.972099999926,20866.181599999923,931.0960999999312,0.0,23225.091744444428,73205.9994444444,80033.22396358855,99970.0,93429.01879999993,73034.81879999994,101363.0,100778.73700999998,68013.7035771717,57522.112250000006,17310.50384126518,8408.04811126522,0.0,67283.24764444464,76836.22474444454,99970.0,101363.00000000001,101363.0,101363.0,81319.7969099999,42002.232159999905,24242.901619999924,10443.371189999934,0.0,0.0,3879.818744444752,22194.855167133755,35190.66409702808,43829.19257071838,57976.200165504975,71243.98741550496,55866.001905504985,46101.63641550498,32182.058312504967,19806.595682504987,14929.578575505031,29668.23326176299,65968.73334444448,74944.0467444445,97936.50492230672,90595.26040000012
69218.29839999991,101363.0,101362.99999999999,60997.157560000014,68122.52393000001,52519.868969999996,28609.952149999976,62402.26406232343,85486.41456232338,77108.31456232327,92836.02110866098,82740.96993341147,101363.0,101363.0,92765.08592433936,76066.53218000001,58300.54238,17283.215735566977,7377.494115566983,0.0,68061.67784444445,83536.43281167139,98991.86350000002,89866.62279999995,72866.30279999992,101363.0,66802.536245666,28333.993368529198,24440.553209999918,10728.52183999993,0.0,0.0,15391.438552177913,33413.71437080828,39934.65392572083,42895.669352995465,34173.53758999993,46929.07306999994,32437.40486999994,30601.473369999938,25460.117839999937,18131.850019999976,0.0,17401.055144444454,63518.97077620714,67257.65734444441,99970.0,101363.00000000001,101363.0,101363.0,96538.87074052631,56295.532920526304,53940.1954105263,42977.12618443702,47098.00156443705,60503.75160869042,88289.72504444467,83525.75034444463,85156.15280000024,70399.96830000027
69664.04740000011,101363.0,99667.75969000004,58806.75104,46185.46255499999,14028.970878999964,0.0,0.0,85214.3247444444,76836.22474444455,90009.26185524357,83587.14115524359,101363.0,101363.0,81319.79690999995,42002.23215999995,24242.901619999975,10443.371189999962,0.0,0.0,0.0,9823.397767226978,38734.39423722696,25399.460959999982,0.0,58634.45824999998,50960.383443111925,49835.63641877313,54487.678929999995,48270.28101000002,29728.11988000003,38386.08869999998,66149.2520859525,93454.94825621431,99969.99999999999,101363.0,101363.0,101363.0,65783.95734839882,25540.619528398784,23185.282018398793,7390.147768398621,10656.987048398674,42035.25554444422,80685.83393916037,101363.0,99969.99999999999,101363.0,101363.0,101363.0,83879.27679516224,64815.704705162236,52235.040045162255,25549.00535516221,35367.28455516227,64757.31402209798,89553.78914444434,83869.80004444448,95481.95240000008,87969.43910000012
97373.77402520782,101362.99999999999,101363.0,59967.45835,47287.20207710184,25609.44549710186,2653.7413071018545,19806.854444444343,55124.44924444429,65100.56727777759,94976.06533036305,80281.88893036307,87863.29779999997,101362.99999999999,78779.49601213099,37299.978712130964,32158.623182131058,22672.611622131055,9313.566162131052,36778.10114444438,77659.3899444444,86319.6826484093,99970.0,91387.7927999998,73640.99279999993,101362.99999999999,61307.37567035059,21711.199649379625,32473.54176441413,16754.863004414143,20100.706284414122,41708.913644444234,79534.81474444424,101363.00000000001,99970.0,101363.00000000001,101363.0,101362.99999999999,59001.90189471446,39802.125774714455,18443.238544714382,500.59670471440234,10353.705624714408,56594.969444444425,91606.78178811885,82978.36123658474,99970.0,101363.00000000001,101363.0,101362.99999999999,97637.3913489473,78877.82875,65855.76032000002,49776.95982246974,79786.32131246974,53357.957585725024,91917.67954444431,86587.08474444422,98467.22109999997,90595.26039999998
101363.0,101363.0,93234.90436048989,52770.09334048991,45949.22411048993,25274.645260489895,13970.627540489764,63233.85424444419,86318.00474444414,101363.00000000001,99970.0,91743.6793,101363.0,96978.44990648786,49316.46140648787,25623.75431648785,23268.41680648784,7473.2825564878185,5382.291216487792,39691.05514444442,74499.22984444448,94392.37411167134,99970.0,97366.77269999991,63673.503399999936,101363.0,59086.07069422409,43070.02753558473,33136.34799247676,15193.706142476747,24086.30762247672,55323.65374444447,79964.94764444442,101363.00000000001,98584.00323104524,101363.00000000001,101363.0,101363.0,91152.33790880565,48818.2142888056,29392.705858805584,2023.8045988055865,36280.69313880559,26985.41764444447,83674.86954444443,77394.76474444444,99970.0,101363.00000000001,101363.0,101363.0,96195.80109333331,74620.10764,54598.11463000001,43942.4635172397,4417.451247239685,45652.58354638858,94015.67474444423,86587.08474444429,96487.61109999985,90595.26039999974
85734.57620440544,101362.99999999999,83730.5393444074,40353.133384407345,33886.80833440738,18395.391584407378,10824.475974407378,62467.88354444446,81928.89344444447,78923.89152000306,99969.99999999999,88897.8373,101363.0,101362.99999999999,73876.78679000001,39300.96274,17942.35868,0.0,16476.136290000017,55491.57264444454,85214.32474444446,78349.72959967106,99629.19536296891,93637.01439999991,74133.39679999993,101362.99999999999,77462.38672963603,35195.08856348374,30519.902529251234,3151.001269251214,37045.717329251245,26789.33334444445,83408.27624444448,76836.2247444442,99969.99999999999,101363.00000000001,101363.0,101362.99999999999,89290.47136994607,74620.10763999999,54598.114630000004,34111.98099000001,0.0,33692.85238000003,87439.7654525447,77939.90474444433,99969.99999999999,101363.00000000001,101363.0,101362.99999999999,95888.26488999993,72827.78403535546,61112.37150535548,47434.66892361218,58601.582873612184,74533.25593327105,94015.67474444423,86587.08474444423,99969.99999999999,90595.26039999974
69834.82639999999,101363.0,101363.0,61052.69553000004,50081.567893051986,33818.30063305198,26542.68000305197,63233.8542444443,86318.00474444426,77151.5636444443,99893.77470997832,91827.38400997824,101363.0,101363.0,79925.94709659563,46794.40969000005,27368.901260000053,0.0,34256.88853999999,26426.877644444397,82687.89564444438,76836.22474444432,99970.00000000001,90908.62579999995,72766.11079999997,101363.0,99942.14076000002,62113.19055178287,53830.72808,39241.84380000001,0.0,39420.12924000012,85214.32474444438,76836.2247444444,99970.00000000001,101363.0,101363.0,101363.0,88133.41061152234,46637.11963152236,34921.707101522356,13983.028081522363,28638.29441152233,52256.22144444454,85772.86474444454,77394.76474444437,99970.00000000001,101363.0,101363.0,101363.0,97122.37418333332,55448.80254333329,41853.29663333328,47754.247452450036,32174.167432449987,60995.469096092595,88451.98064444432,86587.08474444432,96011.12109999987,90595.26039999987
69507.3733999999,101363.0,101363.0,59650.80135000001,43053.35339568992,7419.539395689892,30271.28676568992,62003.20404444432,86318.00474444433,77939.90474444437,99970.0,92098.03929999993,101362.99999999999,101363.0,91485.77271629305,74620.10764,54598.11463000001,39525.01226999998,0.0,39420.41237999997,85214.32474444434,76836.2247444443,98669.79941148627,91395.48079999999,73512.71479999996,101363.0,70507.63198436503,28998.957176502878,30561.922609981742,10647.463949981746,25423.643219981735,52112.24004444435,85214.32474444441,76836.22474444438,99970.0,101363.0,101362.99999999999,101363.0,79436.18231000002,37762.61067000001,24167.104760000013,19068.71557000002,0.0,40553.475644444225,80754.31064444446,77939.90474444444,99970.0,101363.0,101362.99999999999,101363.0,94181.33357614029,56985.2071661403,41041.35040614033,20486.04031475711,43774.84900475712,59688.4225019862,83554.01554444424,72218.55024444418,83879.6368999996,79211.03839999957
68049.28840000021,101363.0,101362.99999999999,62732.76534000002,30623.937730000012,0.0,3797.721180000011,27738.969644444536,86318.00474444455,77939.90474444449,99969.99999999999,94077.64930000006,101363.0,101363.0,78517.92929577899,39655.69018456635,27940.277654566362,7001.598634566375,21656.8649645664,51697.681444444665,85214.3247444446,80386.59020585667,99969.99999999999,91882.36679999999,73255.4768,101363.0,65628.46339764714,24025.904272997395,24167.104760000002,19068.432400000012,0.0,38641.34964444446,78841.90144444452,76836.2247444445,99969.99999999999,101363.0,101363.0,101363.0,70360.89916,33164.77274999999,20029.947220000005,0.0,17274.59355000004,52816.22919907895,85400.83509275335,75781.49769173481,99969.99999999999,101363.0,101363.0,101363.0,95257.83875175437,74752.34730999998,68926.96601237974,62174.92453966789,46262.7780496679,80783.39027964004,94015.67474444446,84433.87164444446,90648.42240000008,85044.87520000004
69559.42239999992,101362.99999999999,101363.0,61770.719440000044,64593.67845,31636.34955000001,4057.508629999964,63156.18467506612,86240.33517506614,77862.23517506613,99970.00000000001,90044.05930000008,101362.99999999999,101362.99999999999,79436.18231000003,37762.61067000005,24167.104760000042,19068.715570000048,0.0,39449.79564444427,79650.6306444443,78675.28249967078,95444.65749999988,87325.67679999999,71475.48779999997,101362.99999999999,58504.85312599159,22201.660972274527,22714.302670503424,2842.3634505037367,20009.919320503705,52086.18854444469,76021.26034444469,68857.59883144031,99970.00000000001,101363.00000000001,101362.99999999999,101362.99999999999,88504.4846234418,53955.50246963767,49986.52741963766,33425.56629963764,11609.923549637619,62688.71424444436,86521.09403082721,76507.2785102211,99970.00000000001,101363.00000000001,101362.99999999999,101362.99999999999,95394.56524526315,63433.219776666665,57959.35472666664,40577.94346407582,45426.14020407578,41636.582114966775,65103.890744444434,50638.281144444365,48396.83589999995,27546.667899999895
69552.23039999999,101362.99999999999,101363.0,61609.50981000007,66724.50278295159,35906.412062951626,31175.60612295159,63233.85424444444,86318.00474444446,77939.90474444452,99970.0,94554.13929999995,101362.99999999999,101362.99999999999,70360.89916000002,33164.772750000004,20029.947220000013,0.0,17274.593550000023,51870.98054444453,75975.10384444459,72348.14665018649,86428.61200000008,80107.73160000003,72429.07880000002,101362.99999999999,80557.98978849928,40087.24306877185,49563.14213536021,33002.18101536021,12387.455745360194,62130.17424444435,85214.32474444475,74683.01164444468,99970.0,101363.0,101362.99999999999,101362.99999999999,88885.5969859268,47326.49655592679,41852.631505926794,17207.135105926794,22055.33184592674,34901.392244444454,65395.59478811896,52223.83059484643,72024.73479484646,101363.0,98210.07253327935,82082.71917327934,57095.938673279365,42571.38030527936,30369.498897279373,26077.751513279305,36504.701743279285,41693.495937307496,40540.73744959801,21424.639544444268,20805.26759999983,11945.784199999802
69845.89339999999,101363.0,101363.0,59710.007860000005,63502.71758079705,52359.28531079707,32464.027610797075,63233.85424444454,86318.00474444454,77345.25094444446,95631.71285697102,90903.93215697102,101363.0,101363.0,77549.22459104254,50891.560582237005,46922.585532237,30361.907582237007,19527.254972236988,62130.174244444526,85214.3247444445,81192.8894305989,91181.40480000005,82874.73759999995,72272.28079999993,101363.0,74650.88870593684,34136.79214880008,41138.01950315187,16492.523103151867,21340.71984315184,34282.820544444396,62632.15823557531,79066.83159999998,99970.0,99031.37540318133,84776.76139327833,68646.0100132783,43688.39586327832,29181.110770278312,12154.038633278313,3770.506863278307,9808.628973278264,13303.041044444331,36050.42453053128,50838.90673053129,63651.92533053124,100081.90268675517,90436.90063342184,76158.64639342183,57190.93876342185,43103.436407421854,28277.605553421843,12195.856758421816,13651.36438342179,51016.20186008664,70198.13764444414,72078.94814444413,83599.16099999963,66074.8529999997
69444.0714,101363.0,94229.99094439473,54779.41487439474,45642.725784394745,24627.350424394775,22648.559464394755,63233.85424444442,86318.00474444445,76716.05054444449,99970.0,94312.36759999998,101363.0,101363.0,77738.45428767812,44262.55466852599,38788.68961852599,14143.193218525963,18991.389958525953,34342.85224444444,56302.540744444435,43606.8132099802,60538.187731312406,75553.28467939234,43645.197939392354,72955.87757939231,55348.44830930846,41524.169980135506,36703.0,28319.468230000002,34357.59034000002,35185.88930000002,71105.2933,85057.72867835054,99511.63857835057,98967.69424444446,81021.14143444448,66706.0752844445,47872.02317444449,33865.22383844449,27030.124038444497,11917.660914444468,14495.082024444431,31190.226944444494,62741.57130628776,64300.812144444455,90588.17294444444,101363.0,101363.0,101363.0,97023.72126877194,64404.25107810761,35177.96478810763,39831.95362271348,39538.97255271347,51590.60284444454,88311.9791444445,86587.08474444451,98145.85523499691,85612.91110000006
69397.78839999993,101363.00000000001,101363.0,55981.21190999997,76575.95225999999,57331.64785999995,34959.52459999979,47040.40964444427,85214.32474444428,74788.63354444425,95962.06255938162,92292.13412256943,101362.99999999999,101363.00000000001,66344.86963999987,47497.744569999886,28858.02799999988,0.0,6038.122119999963,30786.25624444414,58327.76164444417,47299.907595546945,57460.71568016566,84288.58140999996,66232.44230999997,101363.00000000001,71343.2981893368,61844.04274282182,68721.01067801588,35799.23297801591,36237.88262801584,54925.87863801586,70563.1244155885,77670.66159124281,99969.99999999999,101363.0,101362.99999999999,101363.00000000001,90099.115470006,59959.22623749374,30732.656787493615,23281.7650474936,21866.870497493564,52829.920744444345,85772.86474444432,77394.76474444433,99969.99999999999,101363.0,101362.99999999999,101363.00000000001,95750.11606543862,80906.16449999998,60276.20879,31730.99039898306,46501.016758983016,39739.60558898304,94015.67474444427,86587.08474444423,96005.27109999998,81350.9425
69464.43839999994,101362.99999999999,101362.99999999999,57518.79284000006,66326.75206506053,35002.432775060515,33444.557585060495,65911.4952444444,86318.00474444432,76287.05034444433,89798.97173203972,77183.8249320397,101363.0,101362.99999999999,74412.54831587366,34330.74675587367,27495.93012587368,12383.183835873673,13460.944725873598,54153.03524444433,85214.32474444428,82377.9104893615,99970.0,86528.53520000003,73306.09979999997,101362.99999999999,88421.5478522982,46733.64481029103,31662.756256085424,24211.864506085432,22796.68678608536,57873.868944444286,85214.32474444437,76836.22474444452,99970.0,86400.78940000002,101363.0,101362.99999999999,88759.11461618332,74719.00408261281,45950.91837261281,8412.153892612807,26748.687132612733,34173.08294444443,85772.86474444435,77394.76474444444,99970.0,101363.0,101363.0,101362.99999999999,94977.07742122802,53387.41051122803,44650.425011227984,35390.391157276616,37445.31789727661,38377.51194444439,63097.358944444364,42539.096544444285,44590.71579999984,35206.09179999985
69313.8714,101363.0,101363.0,59027.726850000035,76575.95226,51864.201630000025,41676.39230000002,63233.8542444444,86318.00474444448,77939.90474444452,96908.01021476409,83385.15591476411,101363.0,101363.0,79275.23442027555,56895.00119009291,29294.38509009291,21843.49334009277,20428.31562009274,58658.24564444429,85214.32474444431,79581.35678833067,99970.0,88839.47049999986,74126.26679999987,101363.0,97524.08704801193,60893.2507221705,46377.512807816565,9388.095157816631,28254.436597816606,33971.052044444456,85214.32474444446,76836.22474444455,99970.0,85315.67140000002,101363.0,101363.0,81472.19457306806,39882.52766306806,31145.54216306806,15441.427703068093,17496.35444306809,35400.05194444457,62113.28385374411,78727.83145374407,94790.03115374393,101363.0,99679.84078000001,77810.56306000001,48528.32044999999,31440.824188999995,24303.163538,0.0,37628.45837999998,47626.11186000003,52933.92234444455,58954.93904444456,73419.69120000018,61647.79720000018
69644.14539999998,101362.99999999999,101363.0,58755.38053,53971.46281000001,33502.846280000005,26669.438440000013,62696.94030444439,85781.09080444433,77402.99080444437,97823.56089807587,85059.6814980759,101362.99999999999,101362.99999999999,83649.18785688802,71655.062195212,42886.976485212,5348.212005212006,23684.745245211972,33614.54294444439,85214.32474444428,77583.26434503151,99969.99999999999,85042.80470000005,66687.88520000005,101362.99999999999,66825.1527519265,25022.28464634407,28593.872740648818,14310.980830648814,16365.907570648811,34840.37924444442,54292.89414444452,68537.01541209314,85734.32681209312,92586.38880234829,97416.19202999995,75547.48064999998,46253.34495999998,29158.20315599998,24303.163541999984,0.0,37628.17521,41653.89430000001,64721.770125966155,71521.39178680317,99969.99999999999,101363.00000000001,101362.99999999999,101362.99999999999,82901.08638000002,61119.01881999998,51872.00170000002,47193.11187942596,61070.90961942595,41188.62767517055,66445.82614444433,50583.62964444428,43996.22009999987,27986.145299999876
69309.65539999984,101363.0,101363.0,59474.88215000002,47303.12851000001,20835.844849999972,29620.089900000206,34662.266244444494,85214.32474444453,76836.22474444435,96209.6137320079,88341.93499523385,101363.0,101363.0,62984.349295667314,31300.19863566731,22563.21313566732,12377.485815667284,14432.412555667242,34841.5119444443,54296.008944444366,55737.25987777764,67040.23627529292,61503.42032846052,33965.089548460506,57630.223828460505,36086.83477986401,19697.45025474801,28446.00143853785,4142.837891537862,41771.57944153786,51533.07045153784,59490.271732462534,101363.00000000001,99970.0,101363.00000000001,101363.0,90985.88383589475,52737.77264589474,30961.93480589474,12936.411945894737,3503.8732258947653,7979.911425894799,17413.797744444204,51762.683550618734,69040.67085061867,83468.18225061866,101363.00000000001,92290.98993708182,80802.41424708183,62553.923787081825,54855.47764708181,41454.78106708181,24028.849367081802,26314.71656708177,53277.16586511447,80734.83644444404,83881.97634444403,95671.14219999957,90595.26039999952
69698.48839999999,101363.0,100742.44604999998,64324.145669999976,64571.083498125576,43378.64940812555,35359.74598812556,42631.64904444441,83911.35584444438,81636.2121757594,96508.14087551062,82087.08247551069,101363.0,96307.97700999994,58056.08996,29158.486319999993,24303.163539999994,0.0,26365.715610000003,43275.11844444443,59663.18414444443,72455.18601204203,99970.0,98179.60049999997,72203.7975,101363.0,69516.78172596167,41478.09818338449,34973.791095008404,23217.855085008396,26957.65526500838,26899.48584444445,66147.74214444442,82651.4086,99970.0,101363.0,91248.25571304606,81119.73818304608,54513.2471630461,46814.80102304611,33414.1044530461,4630.002253046117,3992.721333046095,35645.03334444446,76666.27955376667,75908.17094444441,99970.0,101363.0,101363.0,101363.0,99349.62264824563,78482.14158647842,47324.485906478425,45306.05637444452,32301.393974444487,42802.01924444448,94015.67474444448,86587.08474444447,97203.74109999997,90595.26039999996
69140.82939999999,101362.99999999999,101363.0,62009.20115,76575.95225999999,54628.23086000002,43009.15760000001,64488.007344444304,86318.0047444443,77939.90474444437,99970.0,90114.02390000001,101363.0,101362.99999999999,73216.03894124701,44110.668411247,26085.145551247002,14630.783961247029,27212.80280124698,33365.63784444448,70467.19394444443,59265.621061526566,72821.01285332162,95894.53277999986,65906.25407999987,101362.99999999999,77440.37228684212,70250.29797255507,61522.15006,32967.414319999996,32330.133399999955,52335.08990000005,78314.24462841057,74804.77414444443,98429.69589896358,91986.95989896353,101363.0,101362.99999999999,94070.78615956544,71062.11237548187,39904.45669548189,26832.626735481907,13827.96433548204,39824.55924444449,85772.86474444439,77394.76474444446,99970.0,101363.0,101363.0,101362.99999999999,99065.99316000006,75815.92809,66177.1906242265,33561.82435444445,44405.72024444443,65666.17424444435,94015.67474444436,92754.0952,99970.0,90595.26039999997
69510.56640000001,101363.0,101363.0,61150.55959999996,65887.75836,33940.296290000035,39153.882600000055,53429.25664444439,84906.2374444445,74247.78174444447,93422.29720067822,90542.92627954757,101363.0,101363.0,57016.69371,43988.16744999999,30587.470879999997,636.9977499999935,0.0,37518.86984444426,75716.85424444421,76836.22474444425,96689.07797485605,93296.24580000005,73562.22180000007,101363.0,101363.0,61021.60037700833,43076.05586877089,31035.80864877089,18031.146238770863,39495.102544444446,85214.3247444444,76836.22474444452,96288.97729203413,89680.49659203412,101363.0,101363.0,89907.45905683565,58925.98952173935,46691.1524317393,9093.190411739302,24326.480761739327,62130.17424444448,85214.32474444438,76836.2247444444,85836.19608263749,101363.00000000001,101363.0,101363.0,95911.78787666664,58793.58185652465,50119.645366524644,26307.244297033165,44660.42103703314,65666.45734444447,94015.6747444444,84133.14674444444,90656.3534000001,79192.34930000005
69763.9914,101362.99999999999,101362.99999999999,58929.343199999974,72168.43503000001,42455.21405999999,49386.60721833944,62130.17424444474,85214.32474444476,76836.22474444492,93213.39766154894,84374.20696154895,101362.99999999999,101362.99999999999,99765.7610496618,67998.17048808142,36840.51480808141,23768.684848081415,10764.022448081345,39266.019244444564,85214.32474444457,79303.08688626913,98723.39149999998,89411.79079999996,72157.45679999994,101362.99999999999,98973.92915999996,65507.12401118891,68730.20346,30920.148260000024,46153.43860000007,62130.17424444461,85214.32474444433,76836.22474444433,80046.13024754114,80229.15451267599,101362.99999999999,101362.99999999999,83545.33366947895,44119.80660947896,31435.921419478982,1677.8459894789876,23783.854459479004,58647.202044444646,87545.92720999422,74382.28674444475,99970.0,101363.00000000001,101362.99999999999,101362.99999999999,96462.56884368413,62875.043025188155,26992.137597188143,18300.45144298991,13017.402790989938,32154.263300989947,93204.11384444442,86587.08474444445,99970.0,89487.22210000012
69091.94239999984,101362.99999999999,99347.42568999993,59455.75019999994,48553.31730000001,19017.42318000001,11918.223459999977,62130.17424444434,85214.32474444427,76836.22474444432,93199.21617296188,86590.73547296185,101363.0,101362.99999999999,92350.28422291193,75815.92809,63581.091000000015,25983.128980000023,41216.41933000002,62130.17424444441,85214.32474444434,76836.22474444438,78835.35045371759,91279.32380000007,72223.23880000008,101362.99999999999,69239.12733762589,29362.362319452895,29849.233350405233,91.15793040523384,23581.01071040524,58646.91884444435,85214.32474444441,74382.28674444441,99970.0,88505.99590000001,101363.0,101362.99999999999,91345.69587877192,60715.93395999995,24833.02853199998,5283.048652000009,0.0,27245.651917132454,85279.02131713247,77712.4822171325,99970.0,101363.00000000001,101363.0,101362.99999999999,97787.83712245613,69233.77514008636,56379.20487008634,51349.33110587327,55678.72188587327,56467.67096587325,94015.6747444445,82510.0250444445,89687.79240000006,82898.45820000005
90672.46363000046,101363.00000000001,98466.74070555519,57989.81031555518,65318.023400000005,39037.22241999999,35912.22785,39179.51350000002,101363.0,98031.91197444481,95508.89478035361,89344.72207444486,101363.00000000001,101363.00000000001,90810.20102011405,57763.07997763367,45079.19478763368,15321.119357633665,37427.12782763366,74795.8773,101363.0,97716.6466471972,97512.32687444493,79109.75169999995,66221.59069999996,101363.00000000001,100177.19436999998,58241.22596369226,36190.76386581332,17320.38831481333,12196.763514813294,43607.98519999998,101363.0,98031.91197444478,99970.0,100798.85731778877,101363.00000000001,101363.00000000001,90926.32252990252,60576.345570989935,53512.57051098995,34627.98383098994,40195.104000989915,54415.39299999999,101363.0,93954.85227444487,99970.0,101363.0,101363.00000000001,101363.00000000001,84195.09098132957,48923.13725132959,43428.65728132957,21656.873381329566,28410.130991329555,20689.106979033313,39517.31507444482,19542.66287444456,19050.4222400001,0.0
69645.85039999998,101362.99999999999,101363.0,60448.676810000004,69531.57023,44226.520039999996,36169.74567999996,62314.11459954652,85398.26509954645,76853.9451995465,97394.77073060558,87876.4172306056,101362.99999999999,101362.99999999999,78724.91919444576,60715.65079,34177.30487000001,5763.868710000005,0.0,26369.677644444208,85214.32474444424,77893.20224709356,99970.0,92418.78550000003,73319.80179999991,101362.99999999999,71119.82663793118,29898.12508649385,37980.23927141101,19122.836761410996,24690.240091410866,38574.52184444423,85214.32474444428,73125.0934361725,99970.0,101363.0,101362.99999999999,101362.99999999999,67209.64785000002,31937.694120000022,19745.713500000038,0.0,11694.547410000008,0.0,20341.86388036591,19936.795240541353,35303.20594054138,68332.69199054143,58887.1667,40683.90543,46822.88111,39378.092536,32373.729999999996,23544.195100568748,7742.861569568748,30628.04044444436,84502.91314444438,82945.8213444444,84554.15040000026,64224.913400000274
69971.2574,101363.0,101363.0,60780.42083999997,49361.19695,5534.961679999984,39832.58629999998,63233.854244444396,86318.00474444435,77939.90474444436,99517.58054827435,86034.21914827431,101363.0,101363.0,80460.58954709287,41922.26842803363,34858.49336803363,15973.906688033632,21541.026858033594,38266.717744444395,85214.32474444441,75218.88120173285,97755.63168936768,95384.56729999997,73711.20460000001,101363.0,65313.297881403494,30232.203767582803,31348.189950117296,11672.985410117306,23582.457690117288,10132.206670117306,26000.333594996402,41730.270694996456,58607.88154499635,41429.38836492389,58599.75070000001,39903.77629200002,46042.468801999996,43109.403465,37541.837746000005,26400.745719999995,7317.489619999983,31424.973644444406,83354.11034332727,80181.84142375198,99970.0,101363.0,101363.0,101363.0,81664.4953103036,65483.42568030358,58774.6564003036,47090.14323030359,27260.17271030361,56057.80455058958,76567.96624444431,66257.69319999992,73300.8119999999,78781.47179999997
69201.86839999996,101363.0,101363.0,60993.970979999984,74253.12130000001,49378.51381999999,38558.25661999996,63324.4982444444,86318.00474444439,77939.90474444439,95144.29532706973,89248.35772706977,101363.0,101363.0,69877.66115999999,31937.69410999999,19745.71348999999,0.0,7263.244019999942,0.0,9939.93354444442,0.0,11104.90411400541,25648.061252632833,1925.4518226328457,32096.503732632842,41190.32310444831,35831.705630384036,43487.43337300001,32346.907680000008,14053.974780000008,33904.76439999998,77300.89864444445,75942.36879999995,99970.0,99036.4834245349,101363.0,83588.55386999995,54475.96421999995,38221.83712999994,20792.592739999945,13822.268260000012,0.0,42041.80904444436,73417.91184853551,82483.80524165327,97196.4169416533,101363.00000000001,101363.0,101363.0,85434.68676298205,63336.53051298201,45072.60674298207,43643.84006298205,56307.38020298205,63079.0319718186,80538.27134444437,84128.61604444442,98622.7110999999,90595.2603999999
69697.43439999995,101362.99999999999,100908.18104999988,58592.103309999795,68576.15981,50640.18626999995,41124.369179999994,36423.036900000065,73357.21134444445,73754.50224444436,86947.47660454147,82474.95362487632,101362.99999999999,101362.99999999999,69419.67897586839,57805.51784586833,52237.66896586832,39727.4573858683,7473.469405868328,47424.386044444305,80825.2134444443,79412.8055316296,99969.99999999999,99079.59760000007,71482.46939999997,101362.99999999999,80595.7316700118,52896.98829769366,49820.64470969634,42850.32022969633,32775.5034996963,54573.42774969622,73456.03714444459,85576.66184631787,95972.95400000007,101363.0,101362.99999999999,101362.99999999999,53296.68192,28472.462810000023,18986.761610000016,8779.772360000035,21443.312500000022,52151.21350039386,80143.23990039386,76881.71100039384,98873.43872666529,101363.0,101362.99999999999,101362.99999999999,101082.98280070178,62999.04353659751,45025.90771659752,34899.867502432855,46599.01424243286,53769.41724444436,94015.67474444429,80294.23184444431,88590.52269999975,90595.26039999974
69364.68039999997,101363.0,101362.99999999999,60026.47914000001,75137.45643,51125.07586000001,45597.539000000055,62130.17424444446,85214.32474444446,77806.34402879779,99970.0,89497.31074540678,101363.0,80765.9305699999,56504.583149999904,37715.5319099999,20792.592739999913,13822.268269999924,0.0,41444.15114444458,68272.92144444457,63475.958911011294,71057.40859771012,101363.00000000001,80671.61739999994,101363.0,63411.92834726772,42004.73363785116,44925.033432566546,34718.04418256656,47381.5843225666,47050.880122566625,71461.68164444467,74639.14361817985,99970.0,101363.00000000001,101363.0,101363.0,91304.40182754626,52832.65378754626,34859.517967546264,14955.595567546283,26654.74230754634,50791.957244444166,93234.80542874373,87070.44061120255,99970.0,101363.00000000001,101363.0,101363.0,98674.01121157892,68129.3840481536,51732.92131815364,36220.708890357084,48320.21765035716,71872.26304276867,94015.67474444467,77219.58854444472,76241.89597930443,65461.79330000038
69644.92039999996,101363.0,101362.99999999999,61331.018840000004,57641.95559850484,43525.5661285048,39486.1696185048,64905.96404444433,86318.0047444442,76369.45234444433,86237.66753337928,83279.90703337925,101363.0,101363.0,69155.39418386218,28374.914953862182,18889.213753862186,8682.224503862202,21345.764643862163,52715.67214444451,85214.32474444452,76836.22474444441,95936.85008335357,93776.24979999995,74597.7458,101363.0,76344.74277383368,37652.25767752595,33724.379575805135,13820.457175805119,25519.6039158051,50233.98364444457,85214.32474444454,82334.27672863223,99359.11190000008,101363.0,101363.0,101363.0,90146.81878918776,49585.300189187765,33188.83745918751,12619.900049187494,22882.778109187482,62688.71424444418,95845.77736103538,78635.61161156317,99970.0,101363.0,101363.0,101363.0,96298.97887859643,73566.72093,60199.18697,29975.01153053262,26950.8710805326,54620.48734078667,87726.93504078661,78762.85674444429,80981.36029999975,69379.14589999977
69334.30039999996,101362.99999999999,101363.0,59154.06305999999,71757.15429682122,53732.17289682122,41231.9096368212,65853.44574444427,86318.00474444429,77939.90474444427,92355.47893389742,84328.02823389742,101363.0,101362.99999999999,83793.34467475946,49768.7119001456,31795.576080145944,11891.653680145935,23590.80042014595,50233.417244444485,85214.32474444449,76509.45763059883,89826.55437486392,92383.2089999999,73905.67699999994,101362.99999999999,75459.83955532336,34361.76141715034,30418.86938847829,9935.448848478278,21494.672168478308,62130.174244444446,85214.32474444441,74533.97369999993,99970.0,100020.80609999991,101363.0,101362.99999999999,89419.51940584787,73566.72093,57436.72621910286,18993.362719102857,14071.427179102831,56032.83934444449,92510.5727402023,76636.14313918368,94307.38413918369,101363.00000000001,101363.0,101362.99999999999,93502.6807001496,72330.01503014959,60579.866670149604,27411.701490149608,43725.587100149634,56649.34169304769,83612.34824444435,85886.52594444444,94536.6144999999,85036.38009999995
69659.5524,101363.0,101363.0,58876.461690000004,46937.92760816591,26906.649158165932,24170.564678165927,65418.49894444438,86318.00474444433,76811.76154444437,87348.9982578636,81239.54335786359,101363.0,101363.0,80941.28477716597,46871.354531786914,30474.89180178692,9906.237551786906,19818.836221786903,62130.17424444439,85214.32474444438,73996.53920173275,83906.76580000002,65615.35369999996,66957.5476,101363.0,99642.65044000001,61520.33216931646,53822.52430756244,15273.255797562426,10351.3202675624,55573.69144444441,85214.32474444434,81216.74807446246,98680.36664505019,87077.5859450502,101363.0,101363.0,63575.87687000001,42405.19337000001,35307.50297000001,0.0,13800.765440000148,39820.352444444565,75914.67824444453,77726.57438981767,99970.0,101363.0,101363.0,101363.0,82805.73804451959,41719.21478451949,33428.94184451949,20283.32465451944,14332.827744519427,51766.942107572904,76506.51874444443,79845.1266444444,85932.88660000006,72267.18120000006
69412.04839999985,101363.0,101363.00000000001,60976.07032,49647.71317069115,24188.73192069112,24163.159550691224,63233.85424444457,86318.0047444444,75314.08344444429,96842.47831390274,76803.6273139027,101363.0,101363.0,94425.75659708623,73567.0041,52249.756969999915,13806.393469999897,8884.45792999991,53354.38678274208,85214.32474444427,75332.27535018632,88655.47827287056,88946.10770000002,65422.55920000001,101363.0,60008.40218120455,39639.460356865704,45682.434947591726,10387.391387591704,23608.22780759175,38211.49994444456,74243.52864444464,76090.1211601977,99970.0,101363.00000000001,101363.0,101363.0,59926.602699999865,18840.079439999943,14591.186909999955,3661.079819999945,0.0,42730.191644444356,75061.65557978557,101363.00000000001,99970.0,101363.00000000001,101363.0,101363.0,73279.69756421911,42160.75874421908,35407.7323142191,27870.75006421912,27586.077964219152,47904.03822824333,68544.95404444452,72283.39574444451,60487.05856873389,83033.52950000012
69101.3044,101362.99999999999,101363.0,61430.410020000025,57975.46497000001,7006.014890000019,19227.220199999996,62130.17424444485,85214.32474444465,73835.77164444464,86460.72403913422,82691.24233756377,101363.0,101362.99999999999,79213.85562000015,42001.96147000016,34904.27107000016,0.0,19288.570389999983,48617.6580444446,80825.21344444454,83315.83339657821,97857.00110000004,85694.98929999993,72545.79379999996,101362.99999999999,62033.1022561403,21784.09821646468,30778.592850116205,19848.202590116216,16187.40594011623,41595.48140011626,68195.33334444462,101363.00000000001,99970.0,101363.00000000001,101363.0,101362.99999999999,63041.369580000006,31989.82485000001,16458.29268000001,4673.500220000015,0.0,27901.225244444402,69772.56140637465,69391.6578744282,96256.78507442819,101363.00000000001,101363.0,101362.99999999999,96536.37004859647,71985.93405651471,60950.15389651472,47267.23936370602,45898.19033370606,68476.964399193,94015.6747444444,86587.08474444442,97533.77109999977,90595.26039999975
69390.96840000001,101363.0,101363.0,54803.15531000002,76575.95225999999,51151.64630999999,45635.12298425385,62130.17424444441,85214.32474444438,76836.22474444438,99970.0,91057.05709999995,101363.0,101363.0,59926.31952999999,18840.079439999998,14591.47007999998,3661.0798199999813,0.0,42065.70594444462,68993.58524444472,73092.39873987748,96085.11416344557,89780.23320000009,70703.51870000004,101363.0,61658.364800877156,30535.80497042434,28263.525023650294,16478.732563650294,11805.232343650308,37684.686403650296,61354.18141977044,72789.62193502851,99970.0,101363.00000000001,101363.0,101363.0,89015.01172855795,47499.389348557845,45241.831758557826,17703.510988557828,16334.461958557817,51018.20894444452,86850.55573395235,77394.76474444449,99970.0,101363.00000000001,101363.0,101363.0,94526.62192240865,74364.68968000001,68739.54802000002,45995.37495330867,18357.241003308645,48634.6860444445,87504.74474444448,86587.08474444454,97775.45870000028,90595.26040000026
69244.46239999995,101362.99999999999,101363.0,61060.719339999625,63402.807955508186,38216.496865508176,32036.989695508142,63234.137344444076,86318.00474444397,77939.90474444392,99970.00000000001,89523.35380000003,101362.99999999999,101362.99999999999,73472.72967000007,31989.541680000075,16458.57585000007,4673.783390000052,0.0,36324.182044444184,78122.08724444419,76270.94211925834,96565.10750000007,90751.17679999997,73279.47079999997,101362.99999999999,100047.12344,63360.70989010733,74084.06972000001,46851.00457000002,45481.955529999985,71400.96969999997,85214.3247444443,76836.22474444426,92150.5085981823,85211.99789818226,101362.99999999999,101362.99999999999,90470.22052873851,74364.68968000001,68024.54764,34420.71017999997,11594.554371109289,51609.616044444396,85214.3247444444,77038.44324651861,99970.00000000001,101363.00000000001,101362.99999999999,101362.99999999999,96402.84341912279,75459.41898000002,70952.60821115274,57296.309769772604,63621.76911977256,80639.27190310354,94015.67474444432,85691.70604444436,95362.64109999979,90595.26039999972
69528.20539999996,101362.99999999999,101362.99999999999,60885.89112999999,51735.19271379386,28244.139813793794,14900.041603793923,65954.82004444445,86318.00474444445,76988.45864444446,92692.19416787381,86381.01346787382,101362.99999999999,101362.99999999999,78976.3500854337,44435.44746115699,42177.889871156985,14639.852271156995,13270.520071156992,57102.80124444441,85214.32474444444,78362.44568523797,96798.26465909233,92498.6938,74033.60779999988,101362.99999999999,100031.55849999994,71179.49343776774,66497.98641,36616.58293956856,8978.448989568526,46516.14934444401,85214.32474444406,76836.22474444463,99970.00000000001,92789.80170000001,101362.99999999999,101362.99999999999,91285.97045421049,53098.07674736672,48396.38002736671,22696.341727366693,29178.110067366688,62688.71424444446,86657.60743916064,76499.38604444457,99970.00000000001,101363.0,101362.99999999999,101362.99999999999,95661.37064807021,72972.23575574647,68655.42605574644,51518.61892274406,62897.64337274406,75391.0836332711,94015.67474444427,85914.55964444422,99970.00000000001,90595.26039999984
69581.5564,101363.0,101363.0,60342.905529999836,75874.66666043577,50587.06587043582,48664.5065404358,65679.0931004358,86681.25512570757,77939.90474444437,87692.04492522232,80753.53422522235,101362.99999999999,101363.0,100049.14256000004,64708.644850000004,58368.50281,37325.63503977827,11518.46841977829,48634.686044444476,85214.32474444438,83030.82345327918,99970.0,92215.9578,73628.74779999998,101363.0,82077.14842591545,39216.956344996346,47897.236585333776,22196.915115333806,28678.96662533377,62130.17424444442,85214.3247444444,91067.8914813833,99970.0,101363.0,101362.99999999999,101363.0,87209.51576989699,46995.53705989695,34659.113119896945,14308.05414989696,28609.94352989699,59289.27674444444,83272.93385582723,76722.23964444436,99970.0,101363.0,101362.99999999999,101363.0,95869.74687122805,73170.15439909819,56381.74500909815,40450.374073383864,37391.54903338384,46235.00883159512,42586.05084444427,17721.645444444257,35242.0472999998,25069.226899999805
69665.28740000025,101362.99999999999,99994.01150000028,58570.54451000029,68487.24492,23948.86595000002,0.0,40373.20804444461,85214.32474444454,76836.22474444461,93807.73577584774,84771.08507584776,101363.0,101362.99999999999,78693.69289222884,50034.13485996587,45332.43813996586,19632.39983996586,26114.168179965814,62130.17424444435,85214.32474444433,75940.84604444435,97712.90549999996,90242.40479999999,73155.93579999998,101362.99999999999,72359.72289130611,33014.72467334032,34074.44939199863,13723.67358199863,27183.4199419986,58850.80014444435,80825.21344444432,77329.7471865135,99970.0,101363.00000000001,101363.0,101362.99999999999,89117.94657957368,53084.35825749359,36295.94886749358,12366.428467493557,9307.603427493541,34420.00584444433,41568.324930827155,31488.78209999979,60268.79039999983,101363.00000000001,101363.0,101362.99999999999,90150.97932275975,70195.28975275975,55413.924702759745,12858.057932759733,38071.14967275973,32557.07017572944,48652.6521444445,31231.330044444396,40555.068999999974,48492.356400000004
69368.46239999995,101363.0,101362.99999999999,59996.15744999996,75168.88812999999,52462.5278800002,49318.44974000016,59690.28394444453,86318.00474444439,77939.90474444441,99969.99999999999,95202.61929999996,101363.0,101363.0,78176.3728109176,43931.59517249617,31595.171232496188,11244.112262496215,25546.001642496212,58730.73674444439,80825.21344444428,76569.23568317608,96250.64632125299,94426.66079999994,73971.88679999995,101363.0,79850.68036142061,40272.12082734087,37060.096944783196,13130.576544783185,10126.686184783128,33890.0658444444,60015.411844444374,58073.47241822784,87965.37251822783,97855.81335682799,98337.94296999987,98174.58697999998,77292.92138999997,57337.231819999965,38759.99342999998,0.0,25213.091739999993,20346.290444444483,50342.9103840282,54645.08195760939,73636.3283576094,101363.0,101363.0,101363.0,95902.268392807,74752.34731,68445.19881779543,30305.27808365936,35329.9781336593,62941.78244500297,94015.67474444429,81422.09184444437,88502.60099999994,84087.48259999987
91183.90254892768,101363.0,101363.0,59594.01946000001,56783.73724300981,31478.593623009827,31057.36613300983,63234.1373444445,86318.00474444452,77851.83934444441,97678.12918475733,87393.20848475727,101363.0,101363.0,77961.23772511684,50020.41637009305,33232.006980093065,9302.486580093042,6243.661540093024,33861.46584444457,33784.700844444575,7970.785444444478,31850.684421158883,72991.8740211589,55538.74536000002,101363.0,88069.72935681847,69104.25581569213,58652.69882477806,19892.705394778048,45105.513964778074,32160.627114778123,55755.96337731093,72789.32730000005,93425.71250000002,101363.0,101363.0,101363.0,84937.43172560383,56761.48504560384,41405.53110560396,2874.0439456039444,7898.46082560394,51805.45794444461,93688.0417631191,101363.0,99970.0,101363.0,101363.0,101363.0,96471.51597649125,74667.5533208857,60851.888350885696,19578.30413565571,45707.39650565573,65824.7481852267,88562.98264444455,78959.09244444463,84825.92503858639,72330.04460000023
69349.7074,101363.0,101362.99999999999,60075.201839999994,71019.93972868992,39034.74475868991,20097.796248689905,37366.131344444286,73405.52244444421,71917.09661789813,92377.6331968486,77473.6339968486,101362.99999999999,101363.0,79645.34623245054,43777.99280000001,25146.952399999995,0.0,15952.916440000048,32320.17984444423,51623.7481444442,47247.309917773266,65479.88769999995,70714.05509999987,73935.15179999989,101363.0,84414.16699150806,42824.76508245424,42527.211052686696,16289.199852686654,21313.616732686845,62130.1742444444,85214.32474444437,101363.0,99970.0,101363.0,101362.99999999999,101363.0,88842.81350861577,48145.03020861578,39178.05895861578,544.0532286157318,17576.92482861577,54028.28974444429,87504.35413603546,101363.0,99970.0,101363.0,101362.99999999999,101363.0,93615.76001034766,65806.11642034765,54657.27726034764,39604.99635034763,40896.40810034763,54291.185815394136,80436.89704444444,72335.78194444434,87549.90639999983,81976.17849999982
69513.35639999996,101363.0,101234.56221999998,60001.85681000016,55399.99460386229,18891.435693862255,15598.939643862237,51537.29744444451,79501.29014444455,75263.11314444442,96178.32592890711,87861.7432289071,101362.99999999999,101363.0,78156.41612200718,54956.75264820316,42141.95255820315,20012.149518203125,24681.47314820309,62130.17424444446,85214.32474444446,74909.19839864009,91146.34239999982,84028.10399999999,73169.97879999998,101363.0,74545.750678107,34401.87512449355,38634.00573000001,0.0,16805.770489999966,53696.850844444445,79837.80494444445,72534.30987980228,99970.0,101363.00000000001,101362.99999999999,101363.0,66882.18647000002,38974.56659000001,22104.025320000022,0.0,12376.89102,38328.054644444324,78610.68324436355,62754.99554444445,93380.45923229688,101363.00000000001,101362.99999999999,101363.0,96353.00454000001,63333.86193,52432.076150411434,36213.782775593034,40219.23389559301,59659.038344444256,94015.67474444417,84678.81234444417,95119.76419999971,90595.2603999997
69735.31639999987,101362.99999999999,96837.56693402088,55530.76299402089,39817.802884020864,8556.718574020846,15143.476944020831,63233.85424444433,86318.00474444436,75969.90164444436,99970.0,95664.46779999994,101363.0,101362.99999999999,78760.9197982145,47600.97698000001,38634.00573000001,0.0,17032.871600000002,53469.74974444432,79761.63264444424,75515.1825295678,98715.49630555423,84940.85980000002,72782.97330000006,101362.99999999999,69799.77357440648,42917.78568628525,39117.187558606995,16371.21931860697,28748.39350860698,36736.19214444435,70528.07514444427,61281.78064444443,93100.3169796708,87523.1909796708,101363.0,101362.99999999999,86802.86112467489,53782.80461467492,45523.91756467491,25881.380554674888,24755.818994674883,60430.728844444406,81383.75344444446,75486.49234444444,92740.2046243772,101363.00000000001,101363.0,101362.99999999999,99873.07782000002,73481.48722,55250.25162000001,30347.161474503395,0.0,34175.19814999998,94015.67474444439,86587.08474444435,96957.98109999977,90595.26039999975
69572.75240000032,101362.99999999999,101363.0,59661.115629999986,64743.27201296241,41022.410502962375,30243.916942962376,63233.854244444505,86318.00474444444,76631.66634444456,95895.80627356404,82684.72857356402,101363.0,101362.99999999999,76536.53228999993,36170.06606,19299.524790000018,0.0,12376.891019999983,38834.187344444654,72218.87414444452,63271.60554444456,90533.69313545959,101363.0,75960.63789999999,101362.99999999999,88177.9689109502,54754.031469253845,59534.307400000005,40054.30908999999,38965.276260000006,60336.3019444445,80825.21344444445,74927.95234444452,85728.8575790645,81204.3537790645,101363.0,101362.99999999999,88898.29530831634,73481.48721999998,55250.25162,30347.161474503348,0.0,28447.638149999984,86318.00474444444,77939.90474444456,99969.99999999999,101363.0,101363.0,101362.99999999999,91975.64307681395,52146.242126813966,39256.63608681397,15663.622406813956,23825.31686681397,39187.40923941638,68539.5738444443,59747.81074444431,62924.71699999984,53168.3173999999
69437.68540000002,101362.99999999999,100220.90129000002,59151.67757,65455.076940000006,25993.10184,34287.72530000002,62130.17424444449,85214.3247444445,75572.44384444451,93960.86601060691,87866.10811060695,101363.0,101362.99999999999,100773.88599999994,63280.476868271915,49628.64630827192,25952.091268271924,34346.37047827193,62130.17424444446,85214.32474444446,76721.5142800833,87680.97852392096,90766.08779999989,71712.76179999995,101362.99999999999,99799.01781999998,71992.58741000001,54455.39772000001,41016.505304,0.0,35179.87984999996,85214.32474444443,76836.22474444445,98227.03316784253,91864.31246784252,101363.0,101362.99999999999,72887.66435999995,33058.26340999996,23593.01366999998,0.0,8161.694450000027,26312.650044444305,66366.39591311887,55557.574878079664,70583.89257807969,101363.00000000001,101363.0,101362.99999999999,99535.0981,76026.88859999999,47577.23557999999,45271.22316,0.0,33671.743860000024,87563.4935444443,86587.08474444445,96231.2311,86370.38680000002
69446.3964,101363.0,99657.84732000002,58969.47000000002,64071.23263000001,41390.06421000001,42194.03279999992,62130.17424444428,85214.32474444425,75706.09934444437,85237.0992092735,81646.85693456487,101362.99999999999,101363.0,99873.07782000002,72409.97773,55250.25162000001,41811.359199,0.0,34175.19814999996,85214.32474444441,78558.9749584338,98389.83949999977,89323.9988,71984.6318,101363.0,60567.20711614033,21725.976036412885,25797.572065064418,2204.2752250644294,10366.252845064399,25251.162144444563,61870.76554444455,83637.9246586375,99969.99999999999,90525.6997780407,101362.99999999999,101363.0,88769.4748501498,76026.88859999999,47577.23558,32887.79760000003,0.0,27944.183859999986,84105.83405471618,77939.90474444466,99969.99999999999,101363.00000000001,101362.99999999999,101363.0,95773.64829736845,53338.74798736841,37768.57720736842,28146.406784790866,27215.02751479088,48099.60931483575,90927.1562444447,86587.08474444484,99969.99999999999,90595.26040000045
69623.34439999999,101363.0,100164.82340999998,59928.06435000002,47199.77201,20260.018643501295,0.0,6706.798310000023,83276.03654444439,76836.22474444445,91851.17052607033,85488.44982607035,101363.0,101363.0,72887.66436000004,33058.26341,23593.013670000033,0.0,8161.69445000001,25208.970044444337,61831.12194444438,57014.68111616583,66957.82279999997,54367.479299999985,59109.889199999976,101363.0,99490.4381,68849.49067803286,47678.89307,45127.93991999999,0.0,33672.027039999986,82926.60664444433,76836.2247444444,99969.99999999999,101363.0,101363.0,101363.0,76925.84713000002,34490.94682000001,18920.77604000002,0.0,3457.7320199999967,36917.309244444456,86347.46390166058,77939.90474444433,99969.99999999999,101363.0,101363.0,101363.0,94848.84575775317,76066.53217999998,58300.542380000006,28639.817920140526,18734.096300140496,0.0,76863.02784444416,86587.0847444442,97017.38109999972,90595.26039999971
